"","ENSG00000007306.15","ENSG00000016490.16","ENSG00000016602.9","ENSG00000073756.12","ENSG00000088340.17","ENSG00000091138.13","ENSG00000102878.17","ENSG00000103569.10","ENSG00000115386.6","ENSG00000122862.5","ENSG00000125538.12","ENSG00000132465.12","ENSG00000137634.10","ENSG00000140274.14","ENSG00000140279.13","ENSG00000143546.10","ENSG00000144820.8","ENSG00000149968.12","ENSG00000162747.12","ENSG00000162896.6","ENSG00000163735.7","ENSG00000166432.15","ENSG00000166670.10","ENSG00000169245.6","ENSG00000169429.11","ENSG00000171049.9","ENSG00000171051.9","ENSG00000172023.8","ENSG00000174992.8","ENSG00000179914.5","ENSG00000196611.5","ENSG00000198488.10","ENSG00000198788.9","ENSG00000204681.11","ENSG00000211592.8","ENSG00000211598.2","ENSG00000211666.2","ENSG00000211679.2","ENSG00000211890.4","ENSG00000211895.5","ENSG00000211899.10","ENSG00000211949.3","ENSG00000214021.16","ENSG00000224650.2","ENSG00000239951.1","ENSG00000243466.1","ENSG00000245532.9","ENSG00000251562.8","ENSG00000262406.3","ENSG00000275395.6"
"TCGA-AZ-4616",6.81682310823428,10.5570650254991,5.67545427241025,7.93686871756529,9.19555433994377,5.75503272742075,8.59750641499556,7.12461385087939,12.4382352702376,10.1431837696121,8.35727341110663,9.44237553436287,3.81093628293437,9.10873641546886,11.4342562858246,7.97310213771685,8.61273197902469,12.3048067393479,5.95831108560152,16.6264289050251,9.9768480494939,5.4350852404722,6.80931476361301,12.0832487294421,11.896599312484,5.22405727078091,6.07367698154703,9.04302408131313,7.85677304106887,4.90585181273711,12.7895381937595,5.88131830261048,11.5514446573343,9.52180291470883,14.092978264356,9.96365289144254,6.94565536587651,8.98941118445249,11.1452560830881,13.2423610539494,10.3456988319708,6.69446378006605,7.94573153797938,6.39888756562069,8.0137324360628,8.35741212913578,13.7528757726749,12.0006550394548,10.1375637203931,11.1333351605813
"TCGA-AY-A71X",10.0634826540466,15.5011944964183,5.21860376511701,6.78261388700798,10.0257672411758,6.32142794981481,10.2868905045581,4.310181931409,11.3690869710704,7.17028215888403,7.3858673973145,8.37810512783835,10.6469639633913,11.507519020287,13.4881893862713,5.15194223886653,4.39446363651266,8.01218048496042,4.56069397028253,17.0052105702263,3.33164399148894,8.39699846285549,6.34167878879894,6.91949179123212,7.29067187752451,3.84933687008733,4.34515859824039,5.89135926795194,10.3730517320856,13.1241750719512,9.6288918263208,11.0543343869099,17.0166127003113,11.1088571146627,11.5606156591663,5.71350559586753,5.73577447389462,7.80175321098473,9.39614081525931,10.2678427666762,7.51703304389293,6.59255417468859,10.5473762398522,5.09110667028669,7.43465571215987,6.06027017002261,14.4498905485434,13.0735754127831,8.88388953979108,16.6465910969225
"TCGA-AZ-6603",12.1647222722828,12.4665182906493,4.8358697308332,7.68604780232127,9.7679528548292,12.3576319042575,8.06433490917821,6.43757871853091,7.265703315878,9.84322256949125,8.74984560507863,11.3132097155264,10.5457571977191,6.58902455816609,10.3976621402331,8.29564495311466,7.0753537089212,9.20805751494486,6.29613844502221,13.4633883952655,8.06370925359103,8.4953290397347,6.53632306668239,11.0523747737564,9.3557420301474,6.05890022189091,7.79788905695978,5.92012206423067,8.02070086992489,9.53454400460661,9.77456070960039,7.28771042894616,12.3582014140496,8.13717248684413,14.1104205255662,10.3938729129735,9.9644803463401,9.52269025381197,12.673134067877,13.6906919478101,10.6340353298638,9.15349674863728,9.23947218366605,7.55562741596235,9.93335346781433,9.24835255367135,12.9369996127233,12.2748115231621,9.69354137360542,12.0970383379555
"TCGA-G4-6627",14.4121652522386,16.045879449233,10.7863434277326,9.18965628658958,8.95523744401466,14.4618574014018,7.14040486977707,7.56873926569477,10.7442119335826,11.6173745514118,9.7519009921222,15.2708349468593,11.32286775478,10.0424682351896,13.44777586539,7.82702933103019,8.18263118967406,9.21154621956482,7.6565095673558,17.3706863515535,6.66045387698341,7.17627208401106,6.22927066271634,9.90011323296246,11.3715447056342,5.7005801476215,8.02740743676313,8.70295352339389,10.2978134172288,14.8755446397665,11.116117102662,10.2490639924891,15.2523395682493,8.99660186939928,16.9717398229281,12.1862396300254,12.1336675678033,13.0577340809089,16.326612473881,16.8257056309383,14.5821489652685,11.4420332558626,8.21601928071868,10.535266053813,13.1310157359389,11.903273634673,12.7960307768241,12.1299084349616,9.85550485276403,15.6779331676922
"TCGA-AZ-6599",8.32281925258405,19.9669444998825,5.53139148158352,6.94934093641335,9.81866951447942,5.0374113011699,10.2627974699007,3.84439221718486,12.9856271179069,8.06023056859124,11.1815681413008,11.8759267039046,8.72367666808787,8.47206470547617,11.1934015435375,5.13434765344487,4.92561401815468,4.38510661105309,4.24850327608085,17.4163154204208,4.10710574833614,6.57454605854835,3.98640457281421,5.94699545202976,7.94465520185925,3.44336105185823,4.31440074501315,10.498083032454,4.96508692187647,12.2980677289037,5.866136281192,14.1141596180689,18.0234392425148,9.89590638022686,13.3781422454517,10.2235772068623,9.02971309684482,9.40792292493631,12.175662678737,14.3679297795252,13.1775718109935,9.91309808418346,10.0510814824596,6.50575752732182,8.45123138988462,9.22064955049819,12.5392799295734,12.4477166346609,5.79459793262552,17.8215908916226
"TCGA-F4-6809",10.2096421587683,7.19667842701948,6.18079196032252,9.23166973640427,7.36361474244444,9.98356158138412,9.10547337851713,6.28226283767984,5.51921217239801,10.5774050962925,7.5874889728823,11.1468258440262,10.6544192269866,4.85356994299381,7.30722782628273,6.65171145033343,4.75392786650185,6.79853774886953,4.72515879551595,14.9718097385954,4.58370510001242,7.6073687178226,4.44416571540656,9.11787465913485,9.58636755239085,4.54324683276213,6.36519770819462,4.35028528642071,8.05866641411868,5.69504645362977,5.41089361735859,4.79939780409262,11.757809320322,10.1109178273954,14.7749199405766,9.00435312553693,8.75842364516442,9.80631653709029,11.1950473379187,14.8235213615046,13.1360199727439,8.05314451719194,8.92556227563269,6.05240373762525,9.41037657427706,8.8744896451976,13.0040239507106,12.7542721069034,8.85451658546158,10.5796963398351
"TCGA-5M-AAT6",4.59209729888898,5.06741758737403,5.09007908584065,7.65605665905236,8.53006010791669,4.83378168065371,8.49209711737176,7.71053246087919,14.7947452327862,11.5040177830018,7.14817502255234,12.1932574858184,8.57425461143961,5.57921341604382,7.85761115170566,8.55525175774045,8.55872816554044,6.85647245546372,5.58974778031072,15.982546439923,5.17545608439363,6.78036710759626,5.48699843521538,10.8044614727121,9.34752387156946,5.41643888566575,8.78097429511183,10.5545039312239,3.9268890191108,4.83199282323237,11.9810126490231,5.02328879249708,15.7244008616765,10.0127628932012,17.1038450635061,12.3215586643675,10.5821007814772,11.904934057463,11.0738841965913,14.5637220730302,12.3610393378534,10.6496227090013,8.37820400475683,8.37362724132603,13.2932536237489,11.9009212163713,13.213704517384,11.8246234484168,10.2695747820526,8.22031179014321
"TCGA-A6-6653",11.7355320673485,8.9787766870218,7.82305068647095,8.92037335647502,5.38901741475276,5.08365473618523,5.7636552850162,7.14732462717393,15.0370707828054,10.2229679452391,10.7470070725533,8.21501457390367,4.53911862485263,4.73227223719612,7.36278808341339,7.35570482079737,11.1206161457008,12.0856776910738,5.8640570376132,17.1575431508435,9.16573806062686,6.10426785385741,9.03069723692052,8.71159491505074,12.5516887695884,6.1217661654842,7.27174331119544,8.92521937954694,4.16297621529978,4.24564729287874,12.1040331260983,6.02741005629797,16.6674684694192,6.63318048109267,12.1456137519991,8.63883966632205,8.56491637966989,7.45676447456099,8.66436970939325,12.0079998448247,8.47082694984138,7.1680469287631,6.24367274738196,4.92210684977171,7.93727168517038,8.37146309013213,10.6869374038616,9.84732184413615,11.4742248249655,15.7677739520946
"TCGA-AZ-4684",13.0667468954076,8.11426675678263,9.35348647698434,9.92977642597343,10.2340930875288,15.0922047220791,8.77520831089866,8.21665076060676,11.7966854483016,11.7615832949907,10.4076851046437,14.1723484303192,11.5687018426092,9.96889597442873,12.1242406434404,9.23267540127893,5.97220716394465,12.970445740271,7.43219271826268,15.946645995395,10.4466269284837,5.19686634768218,8.59232751200309,8.13489673260151,12.7098426070514,7.00850024771994,9.06799736013923,9.33108866720568,11.6102708767377,10.4102092978155,13.5229397997759,7.21136563890305,13.9329654746822,7.85851743339728,17.8539178340774,12.9032002005483,11.4063912153423,10.1475326359553,15.6131583801023,16.1027878263652,14.1187605763419,12.121017317129,8.37003121531657,9.82127830711782,11.9861275295828,13.3732606149287,13.43456845048,13.5519090834195,11.4123506787284,12.2969991788862
"TCGA-D5-6534",10.8393144783191,12.5174593258316,9.43121148903521,8.18574847137259,7.31661363566658,11.719266267839,7.3609184060032,9.05446643742617,9.89821230211598,12.0815335048364,8.85168005185567,13.8977227144785,8.66843106059479,4.34647959783527,7.16910528009979,8.5628765043756,6.54280770041861,9.02704607098708,8.06938243813043,13.9254724736534,12.4000809954324,7.89897378919683,11.2433786144509,10.6779951817075,10.5884224319614,6.51654053854717,9.3780692853924,4.37211187141203,11.104627941994,9.65888773711108,11.9890263221647,7.12713993707211,14.4757795022312,8.80738704356075,16.9320047905087,11.7572381768977,12.2477290146797,12.7487869747677,14.3822236733772,15.7872228228332,16.5242286797064,11.7950344672966,8.44328966631336,10.3133811071079,13.1382643928629,12.0037780634267,12.9266034870779,11.7876034651302,10.1800615783478,13.5674486240385
"TCGA-DM-A1D8",5.02852645799479,4.86633980471167,4.9442440321711,6.67877470573279,7.17231088829536,4.99681613063042,10.3376267329666,4.46677046425764,6.68239215567165,8.39576465119901,6.17935749153191,6.77119300534298,3.99895275336974,3.94887602791312,4.8627476681292,4.74886056872522,3.99260481788368,7.5438391703992,4.21421457298586,15.97009367539,5.62686569673956,7.59154482684104,5.07875988138497,9.22171577928784,8.09778509235962,3.6888118169174,4.58468615034612,3.65139028804974,4.54012941240278,4.42035274803242,7.31994405986698,4.30014303752892,6.27839160531274,7.66287196902013,11.362995881804,6.38164201639078,5.50200584949425,7.13259934016735,6.03738795306101,9.33784096341219,6.53286258004175,5.37132046525599,9.73244977390382,4.8797528344799,7.24315528485445,6.05061281152925,12.7011720546911,12.3947830477546,6.59983648624573,11.5742120508661
"TCGA-QG-A5YW",14.0911238300537,14.5289758682081,10.7612309395333,7.33218455087581,11.2309923053768,13.3829659637856,9.56630193033923,6.249207647684,11.8758336460546,10.2698419706131,9.91526432542823,14.5040193831077,10.7672434673327,12.4020400639299,14.5705821093699,8.0319821661978,7.48392466726094,8.71686487409244,5.4719519530645,18.087160176182,7.68093948548695,6.37927481002628,7.83549932709668,9.0741201073641,9.99512026680556,5.42642061765535,6.42352358706905,8.12314229457555,10.0537597694967,9.14847531562533,9.39679943362107,9.63449559841505,13.1153318536827,10.5459270613006,16.4658874951774,12.331725835051,11.1581295312383,11.0634689308584,15.9781999275639,17.1933804560871,13.2542941707014,11.3504653576209,10.9022498642296,10.4564322293634,12.3484733450551,11.3290905780757,14.8022906458635,13.2055205433978,11.7853980100252,15.5805344001495
"TCGA-G4-6626",11.2538978332912,7.27370333032918,7.06502833854641,7.60929703027979,9.51112797698521,9.56261097419921,8.09973462410539,4.90606754524702,6.63413307598759,8.44704160457974,7.77646439490167,9.54363668366816,12.3358841824381,7.77282626426731,10.7508221804374,5.65370814577265,8.83243477303022,11.6827236232521,4.19868616611435,17.6941640847172,8.276066074906,5.2985479178655,5.49179375551399,8.16710930078843,10.47687355326,4.33290743267962,5.48905128725853,4.92063863460894,6.43790413822245,5.65239449794138,11.9566427084286,5.13584733893427,10.7091564067509,8.45217738340942,12.3070549383854,6.85441453113265,8.52269686276616,7.47016157988438,10.3658431666025,11.9808081768078,10.0281178718543,6.46491821936614,8.44712034590719,5.48420371881577,7.06501553954241,6.41579896272112,13.2990524809186,12.5077089227188,8.85546359005237,9.67478154848188
"TCGA-A6-3810",10.4601238236844,5.25571470505498,4.29738010207304,11.2888860445951,7.89537907972933,13.2950169795901,7.78505136540483,9.15409437705215,5.53763011855059,11.7300369550223,11.3696254521721,10.5128295174662,7.47412310466504,5.49294846705143,8.46787998831543,8.39344507629608,6.23148698169492,11.4766943736725,7.87694667208486,11.1848617999307,9.41219988939702,6.43530739760032,6.05372662982636,10.0679887498456,13.917070460868,7.61104638171367,8.23233125022569,3.86061903361343,3.73930003317873,4.47327521125351,12.6307646715242,3.71548919322446,5.7757125432321,9.59092551956307,14.9040021655918,10.9249071516733,9.17895983104866,9.50211287022461,10.630404080202,12.1752372335141,11.249014316839,10.8019854243484,7.85913322452948,9.36873265660986,11.3320989055221,11.0156726229751,15.0107232835967,16.5086217777789,12.0528131259475,7.91214111954494
"TCGA-CM-5868",8.77006360035822,10.5627551284078,4.0428102589041,5.34440934255937,8.87253139162486,7.11268307925326,8.50376282653959,6.7157215718417,7.98986304489421,9.67055162008334,6.14572211662165,9.87151105250736,9.7668400391096,6.13702678891951,9.73937382218963,6.36613638385199,5.4121825251529,8.45332452748339,4.33118699100798,15.5994243799772,6.4542600095481,7.6957519723058,5.62668919395972,8.73326029258742,9.13290254816335,4.50699753937359,5.55294294852449,6.34867814544971,4.48232238954222,9.85843675823105,9.88371557088094,5.02100933520316,9.94687784417558,9.08899051415726,15.353125472303,9.40601244428431,8.21357402630625,9.82676091602822,8.48668720069087,12.7943121208447,9.4478716813061,7.69413816679388,8.22788011223133,5.94180713441389,10.6515018531557,9.46426319635152,12.9766495507035,11.6257665995375,9.11613573461321,9.84510830298244
"TCGA-D5-6926",11.0810797540729,6.05147826514093,6.79796976476707,9.0546649650522,11.4123440382659,12.0674840959058,9.03346300822157,9.40904699347016,4.38793213894152,10.8207724327871,11.3110702096188,9.55709984788774,7.64571946707212,6.15305148355401,8.45436796777459,9.04839444010944,5.44890944354816,11.240985641197,6.75212763132569,6.70185583221205,10.1387027482079,6.33663014196787,5.85131437679548,10.5697386559213,12.765390749228,7.36052778992639,8.82717770025767,4.1195599520667,4.07830435976593,4.16648278746014,12.0801690939822,4.31522019764027,8.23280889758218,8.87096770634755,15.3354317239339,11.4255614141865,12.0662474634959,12.5831834245225,11.8514376142312,12.2599685558847,13.0259215027505,11.7987615181347,8.74990718683671,9.84785732133672,11.7916568176307,10.4573927392412,13.0252855844064,12.6610585760211,11.2831026035121,8.91617580268843
"TCGA-G4-6298",6.71880398594234,6.26319641065863,3.97341407365915,8.06216809652511,9.96562713893592,7.09151727541188,9.75589989915205,6.43972730427599,5.96659480254167,8.28873419250578,8.24778299763922,7.42170403023784,4.60341894788483,4.03698625443406,5.96299663096576,6.23826376542624,4.81491556158256,11.0131685169463,4.28195623808034,8.94219369390191,8.44929143865844,6.09442397645986,5.79305419178877,6.46472564330454,11.0344578555125,4.57816270263649,5.71628853483789,4.04962084369197,4.84375617858039,5.86471985473293,11.8592114913877,4.50165333604341,8.64052898354542,9.97420220280212,10.1530720636905,5.27791616599439,5.26176030984452,6.86698131490223,8.64646093293659,9.88483565236739,6.79913150792261,4.87482847621297,8.67057085253213,4.74734804921068,6.21192621486511,6.10659611129983,12.7193403175126,11.5440974285252,8.60570537005887,7.89945067547707
"TCGA-AZ-6608",11.4006390626842,4.22151588783548,4.12985805129519,6.06548245262,10.8890224924854,7.99389718624766,9.8053306255022,4.34819425464276,4.137826627132,7.33651352204841,7.29757153135849,9.03289713240512,5.30887094062093,9.93079005331914,13.0334320342387,5.05317468632025,6.80341205184065,9.05079813792134,4.58322106214258,16.6419217802993,5.86576787161917,6.78279906760993,7.70714835177235,6.40713051130525,9.3628815820955,4.3412887397419,4.73577114743217,3.66023757265986,4.8605748833032,3.85605152235337,9.38426693011045,4.09218670352174,9.5646258500525,8.02174482394333,10.9523771021107,6.43209356915309,6.53607804419196,7.5239002937554,10.1788973912529,11.265031248405,8.27309931880047,7.09859697431097,9.597478066339,4.75136505608309,6.70154106093854,5.80598343683932,13.1270188113695,12.1432267567319,9.29581436934813,7.8722744561295
"TCGA-G4-6294",8.80419258508793,6.27042770200624,4.9895680513832,7.33321180681917,6.67686105807226,10.5868529101143,8.97630819011903,4.18332958000354,6.14386417588546,9.51788772689554,7.4178544184074,9.28384456028075,6.92815747156941,6.44181479211001,8.91851786893146,4.4622022211377,6.25428274118448,9.84099792971074,4.28096359161749,9.36865731345646,5.92439826929021,10.3118246508022,6.27400068903045,6.21627794005985,9.75731054579963,3.96519694880511,5.18736853928957,4.91894952455523,5.47565100714808,4.91427403442014,9.22172784090022,4.16705798957337,8.37738203849318,7.55591152663202,11.5568869914674,6.48321086521184,5.21546863244431,7.37122827432034,10.225909844271,10.3665907306205,9.31056785061689,6.16323946235897,9.4060903650201,4.99332088887791,7.72796061020456,8.02951121754666,13.3696858019789,13.0142072638435,9.04089350641411,10.6681943635694
"TCGA-G4-6625",12.7991121062044,12.5747349358878,10.1713351577137,7.66135200668083,8.03803389416303,12.6765200467333,8.28316793966758,7.51137255150625,11.5472397076205,11.4852055092657,8.42008758784184,14.0634733180676,10.0932652790977,8.45283123723237,11.8535121781656,6.89802629625737,7.50773645496554,8.74156554471339,6.05939123410459,16.6729782100819,5.63185792998253,7.72598160359703,5.88592384517389,10.9904712362668,8.81940535370863,6.13775034226394,7.68852771050472,9.59317769290781,13.0877441418692,12.7902359584749,8.9794689520912,8.77491965183879,15.2633065352892,10.0315945718779,17.2260190640806,13.3997370813795,11.651056517598,11.8851847165595,15.1998840616163,16.937993369012,15.0802771009062,11.5141269647615,8.49960050595351,10.5706578474352,12.1447559459592,12.7971439773511,13.4030983114575,12.0563515556835,12.9190584229417,15.0166329386908
"TCGA-AA-3506",12.3058838571365,14.9931798986458,9.5704796332484,6.93065818239012,8.01530833940659,11.5407570156641,7.65437514994134,6.36727490395738,12.826846817634,10.2755596954229,9.31188092671446,14.2779674133346,9.75963480108708,11.828017311875,13.6109086872006,7.03556408367863,9.87369355376558,9.60921822718513,6.76720996140183,17.5903640800667,7.06526416024423,5.69052408590202,7.94484508918117,8.85866840973834,10.6389663964972,6.15820669463442,8.61747071714697,9.49009985106393,11.1571026725433,12.6834892562326,11.2042510954704,9.15316551385618,15.0602044799398,7.44468787706077,17.3223121261259,12.7865008628105,11.7999281259461,12.1572424912469,16.4112800533985,17.2062478179671,14.4364968881377,11.5131928395336,8.91880040063358,10.6736434538252,12.5028534798958,12.177251521542,12.2320766219567,11.8699421059615,11.19551234149,14.9060358470893
"TCGA-A6-2677",14.0910036020567,6.42514681971618,5.38941155017662,7.9630227111172,9.58773292875685,12.500847516595,7.55490161902889,5.71326877089299,6.11851282915632,9.01123622909555,8.40037394446707,9.64983364724212,11.1236244414598,6.9544891507968,9.64356751369433,4.81576632490563,5.27020604650074,6.7575142689673,4.95039689741868,16.5923877993907,7.95909527745361,5.64852214033902,5.3678639528415,6.54358930718926,9.86541079712034,5.07145814747194,6.07495766805876,3.20830128506033,6.83026927812161,3.60624904269351,7.09716836242033,3.98220168099697,6.39545601280023,7.41787671734202,11.293095982141,6.09108955534601,6.02271139730428,7.18511135026865,9.17657430786698,8.45933784533895,6.97043401819016,5.97075049442902,7.51617692311691,4.60072962107371,7.41266961133362,7.44016758865058,12.2784570653329,14.8615323423964,9.18758932653043,10.323240639955
"TCGA-G4-6321",16.2486191347282,11.9276923297734,16.0716685238139,6.23586009699603,8.98009589845311,15.6042209902565,7.24609249176733,5.01213675123079,10.3244737506234,10.4436216006957,11.0210352225633,13.9664033126271,11.0492144418208,12.5739726669625,15.7025555487033,6.64833518326455,10.7897346164326,6.67390921888144,5.97042497801437,18.5813349517443,4.56476970111152,6.01697156196941,6.2409927291644,6.62084939345832,8.19112027161533,5.18156376576724,6.54936672119928,5.87565603623113,12.9719951527979,10.1863376473803,9.36129378570351,10.1490193643149,20.3158399194283,7.03350830420893,15.3612718708526,10.5354192656246,10.1688843375146,11.2680910325449,14.83581598405,15.7974984754309,13.4699342267482,10.05257105482,7.49184561777271,8.85682183910988,11.1154320050817,10.6153033304489,13.3845896627414,11.520908984107,9.55669658776283,17.7925231464531
"TCGA-AZ-4681",11.8824238110298,13.5560349464621,8.56418236457624,4.06375112604636,11.8339684863531,13.8983758390637,7.60902660329958,4.49604463981188,10.9481578352376,8.26217933245616,4.90621422784487,9.54041066464978,11.9900645558328,8.30311947199757,10.8245571939298,5.89069087962077,5.46273582892201,6.97136409531166,4.79940220879139,18.199585826741,5.25547678765404,4.49614660976983,4.04320946661799,7.07750484565732,6.17439892838592,4.30326728457883,6.1257778713406,7.8623091276775,11.5815857051791,10.968508998406,6.85396814171348,7.03495131998794,12.9003643601334,6.00246702870235,13.0365056933221,8.36688933064636,6.43048580850232,8.32440476659372,10.8272738863409,12.8882009342627,10.7097455337129,5.29581836060693,7.2073426732926,5.63659196157168,7.28083623757651,7.27851200462188,9.73689133184768,11.2496678683668,6.6078421904888,14.3735449711699
"TCGA-AZ-4313",8.94431275073893,11.0495967049336,4.47575227613427,6.58689178912928,7.09752515252524,7.7893726474609,8.62059637424361,5.28977945722765,16.007232881874,9.314629325029,8.54784053632968,8.18563935059232,10.1506429589421,10.5675164542904,11.957668413321,6.97400062984949,6.25623652197818,10.0578475621617,6.07219882176699,15.9940064251167,6.47302267236869,4.47963466126684,6.09878266907164,8.93399661877675,11.5324711568796,4.69155803013177,6.70584741266207,13.7779825638057,8.14604746343222,12.0961433744804,11.7515725870963,9.77384324434475,17.613184747073,7.9887231742761,11.919515854583,7.12323642798291,6.62569871043785,8.65011839886435,9.73450494055124,11.3325597821954,9.1074950412335,6.19743858952254,7.1757469300265,5.29875001674294,6.12234178354202,7.98556318865191,11.1504969015928,11.5629748125293,8.52120254942302,12.9493213150952
"TCGA-CM-4750",13.0055632413017,8.47656583485377,6.68099832375067,5.73551832449487,11.2629265129847,11.930872585585,8.08491734318767,5.5304865122128,5.73624550086204,9.19868224299255,6.2354042631893,12.1184693495914,7.09812092621996,11.7914911322918,12.4715551578801,5.67921160162402,9.5346415410398,9.34198268993756,5.20277013002843,13.6544872548,7.91788711667776,4.96196071042554,5.06273977145666,9.04843226208615,8.63021944525536,3.39083381577498,6.07814451991843,4.11371143631303,6.1763565257786,9.10703953312859,10.5911541390073,4.8137211513772,10.3916768192301,7.29796347570256,16.5774715621981,10.4929893885506,10.5308601127189,10.0437268982663,13.3198406611271,15.4971266818519,13.1915396488497,9.98213060257559,7.28369291642776,8.89119077738804,10.9469444695553,13.1695071483304,12.7370006516393,12.4339119519389,8.61118311423068,10.0671265084139
"TCGA-DM-A28A",6.85035275724922,5.46950504250588,5.08866068573973,5.85712468106448,8.79295672703685,9.23946748051642,9.39281542245966,6.89681214321604,6.72621916614337,9.18114991026801,6.45834013286392,8.75223637325583,4.45257125856007,5.55474909419357,7.80293337359716,6.40953223476369,6.09046541699584,8.73893426579751,4.46552245451925,11.5371931475451,5.73547601406018,6.98822033682291,5.89905584598249,9.81549419920315,9.64630704146378,4.79436347084243,6.61743828615661,7.18168984234784,4.81247516351731,4.92619773256213,9.35687124952538,4.45616021905669,8.33869699812966,10.0435448817892,13.5069056557525,7.63969840054105,8.02692117964161,7.69043734359611,9.28238803884083,11.5255392509637,8.71108150235134,8.92147643399619,8.94441677270676,5.47632064275056,9.30802511541421,8.64042322942381,12.7984065121605,12.5000669483191,11.0089867113401,7.76548187470819
"TCGA-3L-AA1B",8.7018503425906,11.08076305552,4.97613148368976,6.90077983192888,8.56143403311598,8.12998996806456,8.83185230703776,5.6388031115162,8.91984709440079,9.73868164860606,7.33553243297664,11.8102666073407,6.89375610809659,6.64564978379509,9.78376341377425,6.18818423210095,6.08124060585962,7.86055515842249,5.40254929487015,14.9448001477303,5.27177168857645,7.96309724697148,5.65561718809131,6.91080739579333,8.60601804276938,4.66756291209475,6.19550836216812,5.30422218222638,7.98206019051588,10.3865312549976,8.31021810851746,8.00669082640106,13.4164476750331,9.47358779994893,15.3829564464197,11.0595189753216,9.58183611731875,10.2062597072843,12.9116215643176,13.5059752334713,11.066611047339,9.76120014865767,9.3959154334345,8.52420130844935,10.9741834567976,11.138568468806,12.9116308005797,12.5482814786036,9.48410633002479,14.1689219102771
"TCGA-DM-A0XF",7.32349182283827,5.58853560452055,4.56430488399026,6.78023900121922,11.8070457361817,9.09295529125133,9.139930954971,6.18602194530319,3.99240918886216,9.69029880511007,6.81389494978391,7.32665917473058,7.08966273494648,4.79592323627644,6.69701373196208,6.5331958081603,7.34603280629528,8.90419008374167,5.07284025586219,11.9582752522543,5.25036105101404,6.18286892054885,4.88225154888619,9.27819446212086,8.83248884970203,4.76159302219185,6.43898783855005,3.65139028804974,6.68417962969509,5.70355117461791,9.0352923315492,4.15524232416463,5.65180367203468,7.22198925857403,11.3865203592623,6.23154537293572,6.61272513624124,6.49838690559577,6.54501064621472,7.66308941532023,8.80985659344081,6.08405013363325,8.49103359855995,5.5115818728712,6.81468911342037,5.78756458113055,12.6235751623512,11.2667771209242,9.34718003477375,7.34781760365296
"TCGA-AD-6895",5.24802447453157,4.61494249963153,7.40040007421671,7.43735348127006,6.45133695067131,5.39236469283776,7.61082152576918,6.02713343647496,4.49627634455418,10.4475200929168,8.53681098328653,8.33926268950537,4.95364800157545,10.2048740231374,11.3565210380902,7.01044074709972,6.53493607769925,9.74823783563873,5.55710358143632,15.3121205706479,7.60156643898015,5.7146028664081,6.99845541210113,10.7521360203313,11.4457940696624,5.39075655982791,7.77931956596006,3.79030212630645,4.67978319134327,4.2684038055257,11.6509299351965,8.50018902984146,14.1557167889389,9.05220000172256,10.979018530733,7.08809453016714,7.76223850220657,7.71988553166984,8.6589915508713,11.0738869447226,10.6870667842895,5.66318389462293,8.56852866718731,6.67456071664325,7.01934134879867,5.99079988519072,14.2214194375508,12.5229267933457,8.38024213370697,15.6312114042059
"TCGA-A6-6782",12.5724197779217,8.94222632222029,4.85617527737802,9.17884528033377,10.0754972605457,13.5282318224789,8.29505429125506,7.62291650691016,4.98988999623206,10.7038763791662,9.1850148741393,11.8254384141965,8.25322273708661,5.08092805623955,7.82356972496317,8.04888059756846,4.98108558269351,8.17343786087627,5.75881167510855,14.1490265831734,7.52792255920188,7.72884771757492,5.80040041217333,8.99916313246378,10.0879738280152,6.00738633999465,8.1386885491966,4.10963699702316,5.18267860343808,8.56706379120616,8.61028686416155,5.05955816643763,8.87170052616778,8.34564653335134,17.0031012098892,12.1489543220812,10.0235625599803,10.3039606277174,10.658940022916,14.6558158856622,12.538316455963,10.8059354209908,9.15046350709017,8.22301189038545,12.947823573458,9.72588550581407,12.7963734434788,12.3466910812649,7.93512423657538,10.1301071700681
"TCGA-A6-6138",10.2013143066408,5.31532045417484,4.35846728393542,9.48574639464612,5.81779617938069,12.4045664594973,6.06187894486479,7.68336109137502,4.47787350499298,11.4041270288734,9.60398044356384,11.3382449327709,7.31685245046067,7.85746019957926,11.7061902488683,7.1207888772857,8.20446918033879,11.4408391972548,6.98765938968561,15.9833948593268,10.6431710219501,4.73044384712598,6.43471200077548,11.8478084234641,11.05415738115,6.54737941415108,7.89901321152671,3.57079933137016,5.4048777363768,4.49920372385048,11.8108098879966,3.76360269245931,7.64381293727821,7.73019979759062,16.3490411095689,10.9335894427775,11.098220326365,12.9594088890758,10.3165978613765,14.179650428558,11.9580112658117,11.1069832517622,6.54384520983452,7.70030787650003,12.8081867285258,11.3758254395972,11.3771002763788,10.2305257789508,12.3955953792378,7.8028869773698
"TCGA-CK-4952",6.83733067466316,15.6600822277066,4.41070499960402,10.7685688409024,7.4014609652946,5.44386714241544,9.12268832062007,10.1848874488442,18.6353914737363,12.0360344945064,10.8750214291331,10.1294238984139,7.09797137844017,6.01427421081135,8.35990624602465,8.41514110354431,7.93253111369869,9.43562016291068,7.93326154954406,15.1722423744906,11.1089452991557,4.75294438505153,7.64232696111053,7.70114395644792,13.8781658565797,8.83193517140952,9.54094589723303,15.1657994923235,7.46278716132532,10.4018118964037,9.93625871425049,12.9441627214174,16.6910481770617,9.91381471863057,12.9980063887139,6.63064513269966,6.68866110431844,7.42241038812118,12.4240551917451,11.7609954500643,10.975480768468,10.6820083329693,8.27679334018953,4.87973869772147,11.5810300640542,6.67173779386588,12.5599235934797,11.3333555091149,11.7444527029313,16.2623062862032
"TCGA-AD-6890",11.8900395314016,11.316707907146,5.57817870792926,7.91895357706118,9.51839683479708,11.3276179208901,8.32172459105593,5.3590116748859,11.9090394626618,9.48393620892081,8.14999883735724,11.5048821086502,6.30050979589942,10.2224233348425,12.6759429375408,6.36889461964522,6.21907500452356,10.6524700796761,5.10219541116144,17.0643728036956,8.42546024040141,7.5708973484872,6.69148050000455,8.8609874697182,9.08196239106838,4.62600051996709,6.54500536258231,7.3207314637589,6.76902817704581,9.84984788662159,11.0355734626162,7.46110083484893,12.4779883361056,7.60304467466224,15.3915164353182,9.52742754884874,9.22116059202817,11.610497162129,14.3262580158847,15.3489099328125,12.4902510457138,10.3614391909239,9.11466513088973,8.77726377253958,10.994239455297,10.111103392549,13.4097176508681,12.7974454238238,9.24565605266197,13.6161465554686
"TCGA-AD-6901",6.69289096008502,4.10256170023006,3.4673321564539,7.89981268007686,6.8092267584543,6.65166666191121,8.95763873367387,7.58467350251995,5.0121277337716,10.4038771074529,8.05245820352507,9.28114028113706,6.71468788691592,5.7325042155636,8.29106464693171,7.36171630221177,4.09764268953192,5.50031463513622,5.21544930751321,13.4974482881092,4.67283773515319,8.84992663403212,5.48270189885135,10.571542039014,9.56138345423665,5.29370915955344,7.54274301942391,3.79387664874648,3.56675171019805,7.0363450775801,7.07676092318112,3.43349727400719,10.9729984027057,10.6379752297766,13.3556698380267,8.25593517238551,7.84245772782326,9.43790771634855,8.95963804383229,12.2654559653402,10.6861380265387,7.76330279553586,9.25486156496908,6.33061544563998,9.91166349534319,7.30510461608532,13.4491123667981,12.7964626207961,9.36798614109463,10.0127658243723
"TCGA-CM-4751",13.6447371702362,13.4537823765852,9.49649360665456,9.72670764461212,11.5457449768942,11.743597243021,8.44950360832067,6.33612702321766,12.537667394571,10.5637122628493,9.26283773498255,13.7842128797692,9.98877796417703,8.67980882489885,10.80454593317,7.0074645098511,7.00466825113167,9.21685072704593,5.62286111741082,16.6741353960908,8.56115393714846,6.95064700755522,5.43612251641595,11.3061981832668,9.38672305301188,5.59844577031804,7.02154533428971,7.79462906891529,11.7488346440157,12.5808168348957,9.41734926682059,8.75038437786086,15.0987936062343,8.94233070391719,16.3779969925872,12.214224392173,11.0546669152585,10.978736292626,14.7552695372023,15.8133422258259,14.7366058882626,10.4868852237331,8.99412851611206,10.3978115928769,11.4157960752651,11.8513275143614,13.1710253094784,11.8481793937252,9.74153949342938,14.9729265087305
"TCGA-CM-6674",5.28813039964694,13.3805226109718,4.59765011923103,6.5900201779283,5.37778866017454,5.92769208309071,6.3416857658422,8.12582136092331,18.8721182690422,10.8737512572397,8.04520242027107,8.96679718829025,4.9373507441734,7.32705813417838,10.8060180010532,7.76995384644135,9.57976472342521,10.1702481351847,5.44326793994463,17.2315651176747,8.13163874878781,5.47902868268986,5.84611034129931,11.0256886170454,10.2822853445282,5.57750784278981,7.93218002301575,13.1682083365213,7.53848344835546,11.555268025924,14.7645457522231,9.23452163905624,17.9554820582896,7.97709896143792,13.1181050973003,8.23364204556616,6.92957779821303,9.52470284122902,6.70340950827568,9.67124212059701,9.2791908034447,6.73384225737745,6.67518524156523,4.96811732754296,7.67328116142011,6.73452056376841,11.2531953304584,9.024196073867,12.0010313043997,14.8761195835571
"TCGA-AA-3655",10.5725857567504,13.0276994577405,7.90716971807822,8.329781571693,9.88720986035123,7.52540576192009,8.53461564293307,6.08876756307058,7.56859069002217,9.99417588124956,8.61148231083089,12.9830310993358,9.5787593263082,11.4374902563501,13.0983960901742,6.21457939452982,6.04997540733481,8.83781087485115,5.51050393914309,16.8324581175003,7.24065348053132,8.81606605211057,6.42768386899382,9.48089235215078,10.6390784889668,5.49913008907546,6.76650814553172,4.30475951719332,7.81871999421528,10.2009013047157,10.7147356190392,9.66138336832446,14.3733574665748,8.85862578974441,15.4155184499338,8.40226485724708,7.39372162065381,7.91646020848926,11.6941168687579,15.7570365212679,11.7861422990793,8.19277013322376,8.75556472072554,5.95860039102009,7.56602339768969,8.73793667580717,11.5821996816581,11.2396034015826,11.2570016449046,15.1014196491359
"TCGA-A6-5665",10.2749620593613,6.5424449634042,4.98780790546,10.6920018514915,8.80062684121147,4.76135761738329,7.07462481775651,9.5062480596399,10.3315466205149,10.0310306665218,11.4241537462197,9.62971239046091,5.93351514520113,6.76319838464896,8.41301472502079,7.27792688320974,5.18576153343019,9.46466252549038,8.37291233347022,13.7529314324312,11.2223558033135,8.50506882806765,5.82347254237339,8.87616494746542,13.1290054895872,7.94407823603958,7.65402918857216,6.00010434293373,3.78701551658886,5.46901232892411,11.1924382215359,5.40153691909945,16.9693986989903,11.951303311385,14.2770785452452,8.81857390262406,8.09033279579767,9.76633625522873,7.32155162225665,11.4004313093774,9.96738262976466,7.71087884418515,11.4266803752313,7.47320539800288,9.3723158464151,8.61856766033013,18.8113916695182,20.2933517030267,10.9718744537585,11.4836804439438
"TCGA-G4-6317",8.08901454181063,8.84914337907729,4.99722701916246,6.62895166719473,11.8124035062044,12.2608684963886,9.51450691478935,3.88000536369734,4.77031567113464,7.03485027222211,5.80661911745738,6.36959740936639,8.10109411527651,4.29205630852037,6.37168367102895,4.60827574312422,5.31449989209858,7.69278689360079,4.06582184278798,16.2360940096675,5.44184611694497,8.69813064492442,5.32506548319472,6.10591461295311,7.04489832248704,3.45207439212905,4.39081904249261,4.06593219898411,5.20685402694946,6.21182400747954,7.34669946052671,5.25013738238974,10.3384025346472,9.07409272109086,9.30994529472043,4.40463133978822,4.29371319118594,5.23323065535135,7.14148810356004,8.06303923109884,6.79674658926574,4.46834899877359,8.89391296022412,4.02844004398766,5.30221170102362,5.59114539891214,12.8194886190304,11.6133823160354,6.01858750935279,9.86057851377057
"TCGA-AD-6899",11.9642406939355,10.5442517856588,6.17470364009587,8.16989335800008,11.2473103378269,13.3523506146671,8.57456825245457,7.05778820786702,12.7309534800075,11.0164717528792,9.14415179712764,11.7096981625189,9.36940948021333,9.95313585303171,12.9154135974949,7.02425476793271,7.1929848314797,10.9409110901729,6.31043839157898,17.6389943058667,7.74833623478724,8.36932320189361,7.15232089862667,10.383002186369,11.5219210183068,6.06537101209521,7.09933412853255,8.50503975391836,7.42793918685137,8.96490340698279,11.0157183348363,7.35417327075727,12.1538862350024,9.44739111406988,16.5941838783432,12.2098431868812,10.990159710798,12.2342459677659,13.6080992677388,15.5824297921598,12.7164119416218,11.0850136796289,8.93633585441794,10.001739217826,12.3458237746245,11.2882837751852,12.9074568923015,11.8504443349858,11.8321812185207,13.6526271540679
"TCGA-D5-6537",9.12641066031676,8.72294073988301,7.18505382102226,8.30644131345368,8.99378030266881,8.6977795597902,6.86746918239737,7.56810113454971,7.54431281222209,9.96122599805733,10.3981582506451,8.41011777618984,7.23142791714699,9.29267240558156,11.923831629914,8.854190908078,9.84672386730623,11.9706190499254,7.99482863084662,16.2362034194127,9.50642382865207,5.17922766352072,8.52613904406912,8.69313571274699,12.3487978274292,6.84004005976101,8.00347724408625,4.5584637995344,7.53862973287259,6.67374319232798,12.7146717515935,5.61222755615492,9.40901561623813,9.17495298521399,10.7717862555991,5.24862253267976,4.69862242177742,5.90246432461067,8.27058444802385,9.79105505520785,6.48328891326102,5.72314941231854,7.57162772992154,4.3427850234934,5.68228056362092,5.45882267099839,11.846093071228,9.84027484433317,11.1516551044301,10.127919583468
"TCGA-A6-2672",12.2712783683863,4.21804239082231,6.13451822095059,10.6281225419516,7.04105672796729,8.55385293613987,8.59653258826385,8.62618488177536,7.59410356506768,11.9131797316881,11.9494777615572,9.86974116945242,3.8946684403746,4.81203699787291,7.60839887138056,8.48277662616111,8.05891857234023,11.780616890167,7.7519309198609,17.6204472323893,10.5081346745081,7.49728095345837,6.79619542738218,11.4250305361819,14.403000557586,8.46107018296138,9.51161341079407,4.379925223858,3.27609463445921,4.02999816472365,13.1177620288269,3.25228379450494,12.4217069242812,9.44048680006691,15.9076350723315,12.5417970866009,11.0193602790599,11.0824048736552,8.70121268212283,13.4947720343657,11.3985927252041,10.4740961517786,8.88214743907105,8.88330246669016,11.1126046291871,11.1092189821653,14.160134335135,14.5074826795965,12.8138930063582,10.8669936079284
"TCGA-A6-2682",11.0238896056633,11.6482178841297,8.09144423929474,10.0712059201248,10.5303358114428,12.2235697019981,9.06953500260392,8.55137886029979,10.3003609782823,11.8319621926687,11.4973262870647,13.0463446652578,8.3086546712295,11.9944603787027,12.7710910396269,8.89923295779578,6.8375009298203,11.5406466642082,8.0539800760437,16.8222339947314,9.34445429191072,6.32113789832103,6.86557283928888,6.7718532853978,14.5275847494018,7.5130431509724,9.3994920702444,7.9250346435381,10.2130473585208,9.30121826764778,12.9061282500865,8.07392223360382,13.9891618007844,8.32824324666736,16.5524444094916,10.8489912487927,9.65509900852182,10.5900917834017,14.2610378760274,15.8400009261548,11.8049569263346,10.9750928638427,8.66343092489899,7.40335216302472,11.3752992684977,11.7370570634873,12.5403262207684,12.9326314884469,10.4120218933279,13.6201730006432
"TCGA-G4-6314",7.21465472194357,6.93648297399802,4.3076864146877,8.89380381653138,8.94525124204278,6.67765993533985,7.37224794652433,6.25695260397805,6.86903950775417,9.93999002281545,7.86628068912555,10.5619606568367,6.37179296963434,5.69946262473333,8.70005695715432,6.19636561928412,7.16784558723674,8.66342929393073,4.74029418529548,11.5184006191872,5.08418471049478,6.42245845248014,6.07008939527691,8.44078657694848,9.86091804312991,4.47695895370042,7.38844074970954,3.82397389679594,5.71672160156723,4.37921769458542,10.7556819642521,5.77183145882111,10.4309152754546,8.31134237639133,13.706284036761,9.41144235983441,7.16907097247541,8.25220452702991,10.6270399000668,13.790613585095,12.0319965888867,8.20172239137726,9.11844269982644,6.67678110583319,9.39409294812465,8.57340136336946,12.616390955843,11.7459012326764,9.70596582698941,10.5768771831659
"TCGA-AA-3662",11.689758554829,11.9589758389532,10.6100643803711,8.52240541178469,8.68706903915035,13.5009310884158,9.82073254333344,9.02287437526512,11.4982195118379,10.9536629791967,9.75173256431997,13.2852706638447,8.78786050768275,8.41713895888457,11.8848873772832,8.54702666450097,8.39761313508792,11.0696629081635,7.9284782843989,13.9427327724585,8.28566096110302,7.15185783684546,6.75029508569183,9.01449744291548,12.8955360402484,7.2234674519275,8.95716413640179,8.28885416415483,11.7047777160642,9.95596942216797,11.9424615388885,7.66011485521301,13.5193543623649,10.5065476887226,15.6420755897702,14.4842415089898,7.25640245405191,8.57367401138399,10.4419074123116,12.4121609084174,16.639899029281,12.3759913977693,9.48325269483785,7.64443842039301,9.08189118373335,9.36669982567845,12.8668711085297,11.9296603143091,11.3521670736735,12.9803726877099
"TCGA-DM-A285",12.1171814973596,7.75579425669997,4.52316390342244,6.88773975356566,8.76963358420552,12.0288323790294,8.2487088411236,6.27984188163312,11.0721942715196,9.08046425538973,5.85566224766758,7.57789119595396,9.81459540929433,8.4457468461324,11.3998066932829,5.22778120854283,6.02629335270002,6.74942243824965,3.78864286773502,15.761240745118,5.64007876186314,6.54442335784602,4.64229109066299,6.96760856086756,8.23421669698671,4.50196137038637,6.02050903789853,5.2707775924259,5.67033764152019,6.44627049536694,7.75555765841507,5.82535084858275,13.9137044631124,8.7406825873919,11.4628721236495,6.28868055603175,5.75905750036268,8.66032846695697,7.53305708235212,8.83918106887806,7.39988498504342,6.12513015507505,8.82812321188989,5.02872759594563,7.763330849916,6.21747351040529,13.8465886291226,13.020547850359,9.6335207970668,11.1485638279775
"TCGA-AD-6548",12.0939267873295,13.5742069152507,10.9054030017129,8.5653391435958,9.229607584361,12.9455940164922,8.04385039273982,8.33453611737288,14.5368393709452,10.9331772145827,9.93158744530564,11.8629200687849,8.98370676618368,7.8204863513339,10.7495349763871,8.17436384805202,7.75745725599738,11.9580366687934,7.5643165860103,16.2551925221539,9.43321315155231,6.08732869664922,7.7327172827446,11.0124906366168,11.7715116656862,7.19970897807419,8.21263652453675,13.3547604889855,11.8259571234733,11.1971247963355,14.0504193145797,8.24854313553257,14.1994615166894,8.43658915503127,14.8468939266166,9.76064653053003,8.99687239171848,10.7203916803948,13.6735008695652,14.0695367924567,11.0627391880928,10.3986791518011,8.23265187465986,8.6365703529845,10.7845170724778,9.71680047754537,12.6794454625631,11.7350825267662,13.1639775253463,14.4131733725626
"TCGA-G4-6307",11.9254140124786,6.14298441837992,6.41441969273262,4.79937147287208,10.4184022800277,10.8659662022595,10.4662792008894,3.46138993569814,4.65080042552721,7.17631087564697,5.56087467207994,7.91765559873418,12.2405033725835,8.69974391473549,10.9286966423197,4.58209443388429,6.00946585453613,5.79015770260803,3.77480441173139,9.7389903868575,4.21892069932192,5.79630366212734,4.61202263247736,6.30882283799758,7.00184989431787,3.75102813499651,4.30269053164605,3.77491476792751,6.04742864805226,4.93481827235168,9.85393531170617,4.10892487509929,7.09212624318427,6.33976879537518,11.8979443119025,7.06616949882611,5.20395529760132,7.47346765139262,9.39347710232272,10.4136624193476,9.88858117347315,6.21806024491991,9.58084900301339,4.84882437157993,7.23028123549478,6.37517090916422,13.6223029052395,12.7275527947761,7.30425307513656,8.9538430106991
"TCGA-G4-6586",12.8051218391658,3.44248591973762,9.28378726095171,7.54037643215291,6.43997960851415,7.6391198679242,9.11928730363752,6.29510114767287,17.192414744842,9.80923593498274,9.51075443811055,7.72951415467799,4.03728726667889,9.42732147914852,11.2230459350873,6.36154294571375,7.08285512012619,8.2020291742149,4.59694063563557,18.2454507520433,7.41926997126592,4.8545631396102,4.24850194491067,9.32950910661617,9.74655476975061,4.39685135404965,5.83787605243656,13.1766437028767,3.48058541263605,4.94817720434487,9.61353597641495,3.80767085276143,14.2597622551887,9.76557595643285,12.4690501567138,6.55500815387003,7.67566876473141,9.85837803063538,8.01569978772784,12.0557199175198,8.480424590787,6.69032640274652,8.81937883155804,6.25901237077741,7.54602806982972,6.90666066410284,13.6649861995236,11.6952127083178,9.91951631793917,12.9881319660236
"TCGA-A6-2680",12.9831757682131,13.5336504161055,10.4584226772843,7.85684637734487,9.61443298238113,12.5801454928013,8.89315932138111,5.13654259725095,8.44753851757231,10.2139298378868,8.02978904520319,12.7307752104177,9.29233063524964,9.63502086427344,12.3447494814847,5.91958516445842,7.27639017997264,10.0530716889269,6.20580044675096,15.8306478062329,5.94781554358076,4.16706004522971,8.37960915941234,7.63837797498137,8.83507208174022,5.22682240235809,7.69702546362572,5.09026586695233,10.7517617152293,12.1879626975024,10.0563620050093,9.1658061801696,15.0167044403249,7.84723605989968,16.1171186310641,12.0792802560252,12.0361577298528,10.8801070431271,15.8660120617151,15.8458043040296,14.5524634782205,11.029407825095,8.79992781206105,9.99045476365828,10.508805823385,11.2239565294298,12.7561103203715,13.1942898269137,10.1383835883155,14.7791921111518
"TCGA-A6-6781",6.40531539205178,4.08601331493413,4.41676548638884,9.86633484891109,6.34134595463532,4.80850778037003,6.88127625830713,9.04376495587967,17.4193589250917,12.0923859144593,11.4701738817333,9.58967062708992,5.49486860320301,5.06352576660318,6.78055105811592,9.69624462215444,5.37395711217652,10.9390352602199,7.42922841477927,15.2124484453282,10.5829568447801,5.82542285322711,5.86661882919604,9.26477304726281,14.2546955362417,8.04791593417688,9.02300762838382,14.2388470947775,4.39553287665797,9.4877888992317,13.743858523835,11.0758626965226,16.7929206643404,9.00789975595467,15.2051419272234,10.4461335972508,9.48223733106403,9.30062944516463,9.72925264435028,14.9784036638077,10.5819727026461,10.3173267229455,7.35330281082972,8.45397966184186,10.25641868126,9.52704918363754,11.7637385566403,10.004823329762,10.9363253580882,13.5430675403412
"TCGA-AA-3712",11.651934785587,13.6551226222058,7.42802919435307,8.10711367081773,10.5320690481108,12.2344641150629,8.26224119246153,6.7213120162713,12.7277929370337,9.70839335235894,9.04179630332711,9.51017071598091,8.54014251515946,8.30596264616673,10.5683432297857,6.91783525335228,7.67476631866342,11.1954588479769,6.69878034776364,13.5480400207867,8.037096418784,6.31143193931165,7.80503882964273,8.78807779198684,11.2612053632145,5.90317245450438,7.24969518883903,11.5845100599449,11.4064521901971,10.9240797125947,12.0773513495105,8.820754689817,15.034329912993,8.94239881895272,12.7484122168686,8.81873108506573,6.90352742818599,8.6497880769086,9.831671078366,11.0228731367281,10.3712001777106,8.26430823029442,8.30961512691391,6.35574127456361,9.40532961254472,7.12584229917264,11.8711020865878,10.5654283588216,11.602578528627,13.5104792119408
"TCGA-CM-5341",12.7991959304189,5.07047929901529,4.86204942964897,9.49089971255238,8.63803244573388,13.5166204575244,6.96450573371219,10.1054652474091,4.88992010903718,13.1073083826804,10.8572584816566,12.6631400835413,10.1749080181384,6.17308720669055,7.14026396390484,10.2956622371018,5.36233333781398,11.6098272317911,7.72605141456385,13.7033526103769,10.9891741360546,6.21914100457509,8.33393446148072,12.0079006362435,15.1999271913206,7.94977800672414,9.99733159589224,3.33620378616217,5.80026331231389,5.585132498794,13.4996891579585,3.39885625745305,6.66174207281536,7.24131587547139,14.7409520907528,10.3175727453556,9.44801381255527,10.7287720546212,10.9938300712828,12.307008025439,10.4746249374735,8.21231487046483,7.33382473918829,7.47795753485159,9.83032006712681,9.79272503344212,11.1216744267915,11.1520383566849,12.7708838655481,6.47397044213033
"TCGA-F4-6703",7.64865269950382,3.86611146225482,9.43627960211421,8.85054552799661,8.11075528664429,4.3189654134644,6.53952375036173,10.1750730635219,9.22473107890623,12.728470795138,11.3430213526004,13.2923215720328,3.39844119426271,8.90422555278953,12.1359124878004,14.2964488716538,5.95132218393304,12.8187075425727,8.71055925405913,13.427024580784,9.21390587202801,6.69348471126672,8.30584986920332,12.6127325640709,12.6248875199593,8.42141974360062,9.88620322387658,4.67403013712344,3.78223646138786,6.48029486580752,15.3981654636673,5.15170322246124,9.36635346560784,8.99740749483117,17.6022802177995,12.9113035665108,11.6675620498205,11.4727458963272,12.536601062659,15.6252036486216,13.6890552874797,12.7217918681431,8.1966219520252,11.4944865174604,12.2423884726308,12.3388709116235,12.5435039995841,11.4439404654236,12.4435410362553,9.36438207112859
"TCGA-CA-6716",6.28492406104266,8.90183695320393,4.27317296448776,6.37961995586176,9.14229209056875,4.63534022203079,8.56381914959581,4.06740890786089,5.8918158860857,8.06789634279372,7.05219692559854,8.56090099686476,6.77473652858207,6.30507061417698,10.4266234135863,4.79326708980202,3.91993687109645,8.63191617962316,3.91044890648225,11.0505510790149,4.54005175294529,6.63289496020686,6.59160000968789,5.90495215216132,8.32554766826058,3.90741836979168,5.71337603515231,4.87874014750481,5.29262217529735,4.8328502416131,8.9866842018333,5.06946086038563,8.35918344096615,10.0038081694866,13.5952381568954,8.95612094385004,6.99563281993069,7.49080276770878,8.85419400961859,10.8504164404725,10.2467318739826,9.1630378402021,8.80936819435802,8.04305567880979,9.04183104442997,7.14193698477721,12.066537313441,11.6669874881804,8.79518716712785,10.064531941951
"TCGA-AD-A5EJ",10.5708172864358,10.5318755840475,5.99278916487298,9.68217913969066,8.23349692947519,5.20402177038587,8.50964176446154,7.51141141708854,11.9108244393509,9.63100917750158,8.9336846455909,10.0778509806636,7.30217198596287,8.15987975717718,9.45541266136599,6.79780485052633,7.47798068097647,10.1621571605206,6.33375566019955,16.4981915767863,8.46776046442725,4.91276760672094,7.4551116338522,7.82414114122235,11.844283928561,5.69806416023755,6.99050200440699,7.88056479921283,7.1780113068122,12.2238538885648,11.9290877999323,10.0724545816745,17.2370809678183,7.82572501840135,14.6095184489177,9.03737062831007,8.45614157331431,10.8203431242325,8.30368468655857,10.9395510638992,10.5114988796499,9.70312617498848,8.1432496226027,6.41448671548323,10.6891457701318,9.36634467143977,13.1175036779342,11.8075567095233,11.2830689403089,15.1791165491576
"TCGA-CM-5344",13.2310168985615,8.21370802899605,8.30742161619888,6.35334051029099,9.82964897549761,11.7070765742019,8.15250214143902,6.43491152351873,8.43589923748368,8.75294157696283,6.76130500221769,8.96163556463716,12.4179338731092,6.5219071879573,10.0784695216866,5.99872981540318,5.61042137679317,9.10714165444734,3.76870468683771,12.8645621386964,5.15803606677335,6.96749304742867,6.9412402858503,7.93093961830829,8.72593741504392,4.29248808371631,5.65588195893249,7.84732948658773,9.53976585583436,8.00870749718973,11.0168519681235,5.60278107010289,12.7328615155073,9.81879420111101,13.6378264183559,8.41316034566285,8.58093227675999,9.37397313387168,9.59822032554837,10.9761283796903,10.1554089069518,7.60766449491225,8.43463317409106,6.43070544271883,9.001581564387,8.61490759294374,12.3005493486047,12.0108347224089,10.0283358715981,11.3872665081047
"TCGA-CK-4950",15.5353904444179,15.0619538475852,10.9400502392176,9.26891625149349,7.45675546649804,15.2975539296765,6.68470956429648,7.48418306187882,15.0377803997263,11.2736044016114,9.27588081143485,15.7788513571852,11.4483517972321,9.5452103959604,12.8617684050642,7.87726711465607,9.1533177381515,9.14076214821636,8.15283351933569,18.5332713825826,7.52417795326843,5.57244434492176,8.32255675553169,9.15790386243686,11.0112541838508,7.11565830699789,8.91967879175255,11.8125492595488,14.5114890141726,12.1750599187841,12.0474570044376,10.987919401841,16.2224989794869,8.22460050400168,18.4655345530625,13.9403255217996,13.560363990827,14.0014502568196,17.7317185958522,18.4453273016559,16.0722926517264,12.5031558821351,6.75631065605163,12.5053512607237,14.4165053587814,13.8683504864401,11.8242153417869,10.9723478452212,11.3885495831069,16.941908448428
"TCGA-QG-A5YX",14.1336597374599,10.4408661054378,10.4807211195624,6.44622019898086,11.362248963248,13.4850684978372,8.45188267412014,4.51324996772838,7.01652072264248,8.5414539608248,7.270144967507,10.7899084048584,11.7546657171591,10.4532237363118,13.6353642162346,4.72392497446161,8.59218548050271,7.49203348453718,4.26954999413751,18.6912745402307,5.43890980854362,5.69502802580309,5.51792955432058,6.73425831783943,9.02085484761959,4.09106935732681,4.95830281614084,4.81538007941255,7.81944388904737,11.6354666717667,7.58432436682922,8.29680701455877,13.6445094269862,7.95679865811192,12.9948380710165,7.94525962961966,7.78416066032743,8.47991079069747,11.9964430320087,12.5575780336779,9.80840993951753,6.89070976190684,9.07398334586956,6.7374481930941,8.81607434487181,7.93478965053426,13.5412212304044,11.8540282099951,10.2136315082439,13.2602501285041
"TCGA-QG-A5Z1",11.6250888980657,4.83549263737558,5.19658952971035,6.96754770383244,8.51841488002344,12.3984355405529,8.85326719337436,6.03430661031737,4.65358459400548,9.73785995980217,6.66154402838748,9.71214284002056,11.7974737379668,5.72496808477853,9.53710969837598,5.30966978036645,4.88407813233838,5.97186898711034,4.75647880084405,8.8197299212895,4.58800746006223,7.12442588138604,4.54220803690077,6.83251128930992,8.44572112198527,4.21265803443541,7.28136211594223,3.85869388712116,3.87243598770803,4.1587818646876,5.78917992992555,3.97257803765865,10.8742588956745,8.04329106105881,12.1912643889117,9.07887534491588,6.91413886280895,8.51840027246907,10.9694197984184,11.4899156737646,8.59108526899853,5.80244165915318,8.79779517057822,5.66182268149221,7.48075758154252,7.53453638537933,13.8482070719082,12.5343670684778,9.60110825890821,9.48816089915925
"TCGA-A6-6648",13.8657206498124,14.7550511683782,13.3547986560063,7.6458332248177,8.07176721267272,13.8744639769824,7.40016355408706,4.74681708611562,10.5921132493212,9.33073703144995,7.74195030340626,14.9648557928202,10.7816609267496,9.37789474869522,13.3206377541286,5.33004056446179,7.47139560838995,8.46244869037219,4.82965423239886,16.3301742533694,5.57643617736495,5.66858502273097,6.85488216222148,8.49414693598486,8.49455202348499,4.61429360763271,6.04841255879013,6.63424225981358,11.535635081644,12.2778128988063,8.72987189279506,9.43222477190118,15.1600677796258,8.44009515324618,15.8608076206047,10.2406683041019,10.6153979576266,10.0814531323711,15.5194769775169,15.7114185009404,12.7628598864636,10.0742837395434,7.7969835601944,8.79810758568986,10.2247202732845,11.4670358618113,11.9091982393024,11.2575201794235,10.0812109039389,15.3472094836199
"TCGA-AD-6889",11.4824042801402,6.01240878232446,7.36250394189172,9.07721135184778,6.0255410695874,6.26368501333655,9.03909620896367,6.55846234730921,17.0494128858909,9.80357214151723,11.1593537161222,8.78516077860556,6.47806542808025,4.72244370420157,6.95138258413915,7.86187616362578,6.0597142987952,12.1071871097763,7.29573070615884,10.3802671123294,8.91457440285497,5.55757249444174,8.41238998771165,8.23497338027713,12.5364935009439,6.15863323471612,7.28509882185705,13.184296374311,4.11987723000619,6.33740099949641,12.0491508181406,4.84850602452812,13.2520603831807,9.54395050386318,11.8570035534606,7.76510942836394,7.17625971535211,7.17549791120896,9.46704567285668,11.9531600918557,8.53846252691292,6.89899518252031,8.29757867856576,5.33519531158542,7.02409999348883,7.30717163005566,13.6280271094296,12.5660118956275,10.8821361737307,12.3159457665745
"TCGA-D5-6920",15.6914912518769,14.0102111770026,14.588933892475,11.0666343331892,7.9372925717485,14.109550007518,7.35723800046917,7.45724446556265,13.4307761628392,10.6128435868516,11.035544808507,15.2812166657432,10.8395533782683,13.1026797214568,15.4748734277388,7.89838316112718,8.27534256064275,13.5280608411656,7.54343046941943,18.769324135496,9.41558705596083,5.58268826657786,10.9151737618642,7.84334255333364,12.3379648182868,6.61564939399779,7.89413342378204,12.1053874567524,14.6537102677686,13.1799210571968,13.0948348846424,10.5130232424583,16.3390158345626,7.43004585074791,16.7983162354073,12.9327469391655,12.2579026801544,12.5848561060176,16.8677080619753,17.500748210771,15.2319311022283,11.9575079300735,8.60291566713036,10.9893041471636,13.0305126355411,12.3331485624829,13.5247565015938,12.281899718131,12.03564656347,16.7762007893891
"TCGA-CA-5256",12.3132021680082,11.1345409923745,6.64362630853919,7.12734245698147,10.2224543226603,10.9339771668,7.10978626084134,5.18415252426091,8.64191609873311,10.3762988035706,8.18880292061229,14.4268204940757,5.75613089998408,10.1310756042,11.3986184656079,7.29750933711193,8.25105054285135,8.2163874083389,5.24915828146253,16.3858806124526,5.66313079221024,5.04156618697363,5.8939041148466,9.66334251543699,10.1782288867656,4.78379091042259,6.70761198776204,4.81062098235158,8.6004727440194,5.0863573203114,9.60836795967888,5.69871200110109,7.85283095197532,5.38437148478309,16.019643867546,10.2375823823268,9.05489144307317,11.9759455833625,12.2359779666089,13.2790231388258,9.70871442541364,9.26161041866804,7.73893310755285,7.58766303414743,11.7541566858859,10.9863712146947,10.6927214173437,10.8114123650035,9.9532991985017,11.8532580906387
"TCGA-CM-6170",9.78582946499442,9.68975410891526,4.7363077744122,6.89321757098744,10.7727356439293,12.0071226203869,8.12976027797051,8.42361309196506,11.0753412849343,10.5114834080614,8.8412198174111,12.0695976514708,12.3747421429532,8.2582757392234,11.2768456651029,7.5733244070953,5.99817892346156,12.1443261585445,7.36210212369144,12.3872949123034,7.14525094042254,6.55152495834038,5.67120941039458,8.60460918278205,10.8316243027941,6.76351616770702,8.54422752956819,8.87729980030597,4.40328227314491,6.88429441551818,12.4684674521264,5.28742058817151,9.50972707589085,8.7237097527398,15.3852576857307,10.4840440366122,8.37042549692464,11.4390091393393,13.3316382441045,14.2443794833681,11.6259127155964,10.0903070569281,8.52802177776949,9.25218199950773,10.7377086772666,10.6456101446964,12.6637346945761,12.0157753030567,9.75269190607133,10.1406827383281
"TCGA-SS-A7HO",9.54029791713112,8.01710959976055,7.18818851406054,8.23448858795881,8.66427760208963,8.89658992980435,8.77788936167403,6.14724316562493,8.69755405971734,9.56613760241266,8.26313427682551,9.24301806108402,6.35408276251736,7.16789198283373,9.72066660704189,7.62274539418675,6.81787908574252,8.53654671323264,5.58746699541996,12.6087824752187,6.94617615471464,5.50926511039769,6.25130480331791,7.44724422562866,9.71917437000317,5.17358698296806,6.78341692191032,5.58585724557822,6.72046029101213,6.63386284851936,9.5060084954161,5.85071003604852,10.774238610124,9.11398549138268,12.3741491895522,7.98145646532663,7.3147906888639,7.82664601249932,10.2522758559361,11.6556063694971,8.94029285120501,7.33493593705487,8.9756171519778,6.06548933295317,8.11911751981025,8.25528068483301,13.2884299008305,12.6588522725726,9.10820856419227,11.2677488272641
"TCGA-CK-4947",12.5022255017925,10.5004324031754,7.88265044998997,7.47448171567778,7.36180892356588,11.0100326911323,7.0511600035623,6.88467024068039,7.34716300653917,11.0584538859356,8.14035650995473,15.5465877914895,7.72936315116234,9.52203688014155,12.8529736652962,6.83394295107767,7.6585596191823,7.30971373004369,7.24722174648276,16.8099380617943,4.88004606603905,6.23750982181145,5.63767891010207,9.56814690906259,9.75480748050962,5.97756007399583,7.18992567936607,4.54797120635199,8.46999476363581,12.8798276226459,8.92374948814175,9.07191491410421,15.7081509539576,7.05361489755357,17.258817945934,12.1674038678154,11.8030847125194,12.7043958780801,16.6896444083838,16.6988628090445,13.2230268538618,11.6671839713581,7.97911887838096,10.2671636702613,13.4107719479446,12.9455767249908,12.0465811807642,11.3747001490348,10.4898222839445,14.6170005547139
"TCGA-CM-6675",9.65229758140836,5.71800199926398,7.31672959071041,11.7607604561693,9.99850896891032,8.42471941294848,8.86636970333784,5.91786821525703,5.26057629568138,8.72666759027986,6.84348805148212,7.22544733949784,5.03411993589912,9.17464468318265,11.6263788274994,5.02570680118855,8.08821385351241,5.98244722337082,4.65447312950053,16.8154246696209,4.85001662000401,5.13282286072024,5.60559692967834,8.02590600225709,9.38496284068271,4.35487332115225,6.02927274818222,4.30024329153944,4.75214952249679,5.0864099275092,12.7399724377778,4.56928566616386,8.33706431631516,7.06924595303135,10.692870614133,6.14307998834324,5.60581962984,6.68851653463895,8.42006870204237,9.97006185853276,8.13360570440608,5.37319127342491,9.18575534237393,4.63507392569628,6.76207514409904,6.68740213042398,13.3088739148897,11.8805035926749,10.0120737151986,9.90934348262208
"TCGA-AZ-4614",9.52377561066912,6.71897375273464,7.02655526122905,6.43298025592214,9.48782301104211,9.05093913193611,8.84390399762746,5.24490186854953,7.37105960867869,8.74261788589238,7.15357018018701,6.64109322069165,5.6160506885588,8.21994624825532,9.91913092310369,7.25744414986286,8.36691873940376,9.32832686888168,5.37091859244039,12.9175703686415,12.4287636278313,5.24500383850747,6.34072319470751,9.34234668900482,10.2943465614805,4.5583993240213,5.49462870089183,5.05248837167696,6.52567777230675,5.78401140427301,9.94752697418413,4.28084252559708,11.0008222057369,7.55159192073139,10.6788440914618,5.78547351420933,4.75384341007813,7.13060993421656,7.3016332573688,8.26845067433528,6.78114537506156,5.73341413573991,7.82402542654376,5.1342811297016,5.71875900603605,5.4371072938055,11.9761840404265,14.1155387235688,6.94942579244271,8.90233063417477
"TCGA-A6-A567",10.1465074622064,12.4000560923952,5.24648773272065,6.18473400008562,7.30456709940883,12.425332552636,9.05407592648594,4.61947760703521,8.16549588224827,9.03249114567483,6.29798222171106,8.78306391566749,8.11159795675102,5.55158943304685,7.60957999544951,6.05077766104921,5.12611548011155,10.468702128137,4.11842396841401,13.031065375821,7.91360450555817,7.60566231219075,5.39567974443048,6.92579418245889,9.21665653559154,5.0931946862783,5.87610953703862,5.21605391967381,8.03510655832376,11.3155701326885,9.23874087798228,6.55155220817788,11.8602802317649,9.21027859749328,10.5770991786257,6.47181281537524,5.98412883671834,6.94232732200664,9.55308141652555,10.0247585836463,8.92304166896816,6.15178750773625,9.90373217036859,5.43700312632096,6.79233879470803,6.77106949734316,14.3480430832627,13.0659704347337,7.0242277156118,12.2822437010789
"TCGA-A6-4107",8.46374164963705,12.8522740365676,5.87869951039208,6.18608419514574,9.35551934259546,8.93879244507596,7.97047118875575,4.66039553910951,6.78270079424951,10.3241392485848,8.65447825816564,15.9967107897481,10.4329425142746,11.2965908477287,12.3846651261966,5.64576109896849,8.34163256989549,8.09536389597763,4.78817474705858,16.8274397013427,4.65023290817745,4.65038355982998,7.8386026233547,8.52557218012316,9.05567282385291,4.03195731764406,5.95584699493052,3.7155690637465,11.1023727931978,12.9135269632192,8.7003614196184,7.70777075226103,11.7552770146522,7.10924396668053,18.1774423985903,13.7217289814027,11.715632776034,13.58039253418,16.5100152814345,17.6059936839057,14.4376388924851,12.4600306028245,7.98896943968436,10.5438677856347,12.5557743915709,12.8867077734607,11.9679009982048,11.7139562177041,10.065342915728,13.6537283109709
"TCGA-D5-6932",7.41821457108697,9.228826994588,4.15647960627595,8.48144786453308,7.3136803148895,9.31674413813785,9.11307859115014,7.82499021608897,7.22753698372988,9.9834633208664,9.67623094474583,7.74635887641726,7.40476704244908,6.42445390372871,9.27810943575501,6.78324366015493,5.18383835791911,11.1235525829235,6.05071991051025,8.76025299938247,9.99322830656752,5.41065539004279,6.4125547642034,8.68613709777905,11.7863558882173,5.28074306435717,7.35906980674079,5.77891959216311,4.3506999087884,6.57800298714394,11.8723308511188,4.75776033490492,10.6010552456538,9.38684584994224,11.3525941286978,7.3776104977603,7.50341341797528,7.15811204874923,4.54423520931176,10.5518292027065,9.34821105001895,6.41802793609136,7.54399006123131,5.45905067308133,7.2009806586836,7.85431879426688,11.6279765094971,11.3969938615975,10.8724126628699,10.4290905818575
"TCGA-CK-5915",11.3032307126506,12.2915125633081,3.78772502404894,8.02740568332973,9.48381521763845,7.98606816617368,5.75250471027405,4.7837942503107,6.87139258548298,8.14889262762971,7.04320390290396,8.90259686033554,9.18330572565433,8.14789050905174,11.6643801767732,5.05258875823015,4.45466609700422,10.3267187288146,4.71245578699981,9.75783587769561,6.38947021123915,6.75279754696276,8.28135432564684,5.94660757649351,9.81448120898912,4.44325033993659,5.11334630276106,5.15943588026974,5.49722058111394,8.09282292315039,9.09580839137593,7.66528929788837,9.45143260651693,5.13616483724276,9.94478619259694,5.00403670243159,6.3772429434387,6.51014128012403,10.0037419625744,10.4325477781462,7.00049427289201,6.03313466526839,7.44991972084264,5.34919936709992,5.99005205107609,5.77975746185309,12.188605853239,11.6823879358815,9.69419432926706,13.7458523942215
"TCGA-CM-6171",9.79042076588532,12.6934999699684,6.3962586228172,9.10549859424688,8.43992196909551,7.44164647066654,7.88399706056049,8.92717996503648,15.4352731369202,11.1795018559225,10.4920518731367,9.09579717290393,4.34838305183911,4.92673191682079,6.87174559321265,8.2044460352995,8.43995991172487,10.4120116777053,8.92072098132961,11.4528626015438,8.95212273140184,4.56519574449623,6.94383620214725,9.24493099947089,13.1667147533784,8.35510374491566,8.90825582551012,8.40292829463076,5.54175007512703,6.36605187475601,9.53296059762463,8.69736492720362,14.8527359234743,9.52951067577442,11.9686095412144,7.19352917594639,11.1035409425357,6.8088698249151,7.42917768779323,9.52687768327423,9.29138766574601,9.53327024411738,8.30564077789443,7.00637030703963,7.53076738035612,9.99321272739493,10.9018147075619,11.8289630587498,12.5049162079362,15.292755578892
"TCGA-CA-5254",11.8702493017042,3.81134265629489,4.14431332216139,8.46602550139836,10.2049105056342,4.46751408694507,9.02350570915496,5.45530738906359,4.20917134224877,9.18560202767712,6.88493581457732,11.3001014016397,4.15393876773222,12.1804013184951,14.9510049836419,5.98506077366677,11.1480322076717,5.5989924910241,5.24287261600316,17.6230096493563,5.57623147578343,6.2422582339167,4.0864370109459,7.81223484140992,7.94182547251507,4.22442763122467,6.36932323337881,3.85025478872187,4.89589226759467,4.56367013899764,7.50440750648629,4.66900021440798,6.87148807077154,8.17991850327204,16.404871110361,11.3237842462406,11.1524369882502,10.3103716429301,11.9300180421347,15.580011562474,14.6648806379811,10.888096331389,8.78791822505943,9.93858471973327,11.533371610912,10.6001947217023,14.1568543188381,11.2451506015585,6.30295975248484,12.6342097214293
"TCGA-F4-6704",7.18472858419408,8.96106845474609,5.88312243822421,7.32824871719576,6.51521346099453,5.02268661526495,8.08171031627336,7.15408342826624,5.51716368646123,10.9150876726773,6.64613279040845,12.7904279707072,6.43572083920771,4.69892705803662,6.37634952604707,7.83437672516115,4.26789362142994,9.29457982896354,6.15024232092782,11.5940682022064,6.58017803126423,6.23531730660333,6.69135154238473,8.615892985754,8.7298700089586,5.63981381214298,7.70452253033107,4.1300733895376,4.97497050143394,14.8727649547774,10.2466203007585,11.8759455151155,14.9372866908438,9.10108862391953,18.0118249993361,12.8014363132356,12.9373602441173,13.2987172085511,9.9556136922446,12.9641130430428,12.4075627066183,12.6062084859972,7.73264171138198,10.5837586326723,13.9347741482008,14.970969203349,11.6470532626602,10.6924289795518,10.8394453532506,17.2516538851073
"TCGA-AZ-4615",6.43758387285042,5.05669032646397,4.70025646049664,10.2275173081488,6.32457523079176,5.49973115274778,7.06324786569279,7.07915932149356,13.7676709873591,11.4567471357951,6.59023780179986,9.71319268822505,3.91946299890846,4.64319637415788,5.715275056068,7.03079026504253,8.95474322238557,6.03934643989316,5.56967541777015,17.1413534972307,5.30865228784276,4.86037910529323,4.2658822829999,11.4738314075085,9.68244321076818,4.69713136077041,7.18898706703422,8.74945774795453,4.13874506981931,5.73127443064334,8.57861247004337,5.5111153927387,13.3638873503722,8.7537664278263,14.1375896095998,8.69819159803777,10.2950935365343,8.29240703367552,9.00386148047485,12.3031592809019,9.7288283472102,8.1417223635014,7.3803530015172,5.91692051100384,8.792427359337,9.12585043427813,13.7401932749308,14.0642193803391,12.5317771485574,11.2608384888165
"TCGA-D5-6536",6.20650638726158,5.21996878476461,4.13697169568834,11.1473371876113,9.22829130770005,4.48348611593688,8.72961702153085,9.50267630472636,20.2673429119802,11.5805630369025,12.1898974429514,5.32744820226432,6.92414881889593,7.03963481028759,10.5792104996756,9.86254355587782,6.67060155144134,12.6779770566929,6.98862623898354,10.9763656986414,13.713676389016,6.40505734270563,8.39344377103571,6.15974065039671,14.841444653917,7.98595548457614,9.16841741424887,19.4159257739995,5.36103708517385,8.10136593947424,13.2482616022108,10.1820027060565,16.3367549452065,10.3565266021161,8.06297321635501,4.4720153855526,4.83129306175635,5.37388263057966,5.95095439472606,7.5511565956746,6.82426864182197,4.86945660520884,8.83199392771194,3.90045923435365,4.99000090293241,5.05045399999276,12.125267775427,11.1652192023635,12.1872920674662,12.004062752336
"TCGA-F4-6855",5.38909121199782,13.6279920067878,4.5089375380389,7.56369394144681,7.58694573334177,4.59186436063806,8.43705088828689,6.75594161279839,8.73472403924258,10.2995245873249,7.20975227646787,7.95351606466692,7.85905189045685,5.07829157983302,8.58479171831393,6.99930184411591,4.19127957049302,7.21028940672463,5.34540240028331,16.3257380662325,5.26634703454923,7.40402984993673,4.88748308511304,7.27640228733457,9.17807838118795,4.44080229260462,7.83873090563128,4.47292070191776,4.75948362161616,9.44641963022216,8.9626425404525,9.55563799914364,14.441613745951,9.06455935027741,12.3130830751553,7.90534444828183,7.15435643007001,7.01936604217398,8.74364896701329,11.5184578676122,10.0179705942637,7.77542732999515,8.16231443593302,6.47011123931724,8.37399463700938,7.78942468959144,12.3827657151023,12.1143156855745,8.26000886068993,15.4078158622508
"TCGA-QG-A5Z2",12.7842168254916,13.2320916624615,7.15202628047728,8.49333601826906,7.9164175474101,10.2863544130325,9.00794217945248,4.61146875463813,11.919113145629,9.9600385530439,8.78677888892508,13.5809529802654,9.80797893372417,7.15394239639084,10.2584547196575,5.46717670344735,6.71454154624099,9.61321646987214,4.69675631288075,17.7572642222758,5.58318572385357,7.20882271763525,7.48938785789079,10.0527786785953,8.61388745802875,4.49412935238149,5.89870636450504,8.82913019582961,8.51971793420557,11.5229087333456,10.2004362662794,8.0538059822062,16.5367309949628,10.0972828655759,16.1742267200181,10.8875956638076,12.0582203075509,10.6545052050641,14.7404083374309,15.3359241022757,13.2632633758251,11.4572929847679,9.94703604634742,9.57890497624655,11.3335842823513,11.8071519525319,14.4374854433644,13.0144225283255,9.65133358190722,14.6640777911377
"TCGA-AU-3779",12.5367201691811,6.21286895019536,4.23453404981446,8.31945811599864,9.13353331268257,14.7235005148737,8.82904634453241,7.36258565441724,5.6513312419245,10.3153632468224,9.48030631349856,13.7957013103399,12.4309472679726,10.2352994042231,11.8776285443405,7.29071285278793,8.71659008685193,11.3055983245038,7.60730526216184,16.6312516431559,10.5547340506376,6.52153947906885,7.5375652129146,8.30232301772376,11.9403448064844,5.97128364521493,7.878980591212,4.28452661948527,5.35303464635308,5.3730043443501,11.5281417196714,4.17186288965114,8.6442555594371,9.8025587153795,16.002680034425,12.003993390448,11.992495172372,12.745118423924,13.4587874722949,16.1691253409374,12.9205923336623,10.2518459505018,8.7166957344715,8.06004371683002,10.9821768376208,11.1196866157322,12.0951462106378,11.8085953884027,10.7772178403335,9.43987472693575
"TCGA-AZ-4308",11.0974122444421,12.2843551238755,6.9212811216805,7.35276722307201,8.7695254853584,10.6398808894826,8.39329743974628,5.71147150362049,12.9183540417549,9.73768295637518,8.41026932119882,10.1146191416372,8.76221894224265,9.28742909494283,10.7891231710636,7.10363009255998,7.54816914814154,11.9728104749283,6.06142171439605,15.7943128557844,7.62704313712866,4.09056609454226,8.27811500395103,8.90126633430155,10.9064012329869,5.42469829735502,8.53947269883804,9.31246579769501,12.4316458792783,11.4496619502866,12.1643433390678,8.36264073521467,15.2352349692469,9.10320471668711,14.4609167849098,8.55709039811513,9.2338979665503,9.94093845802713,13.6845938465053,14.8341854018754,11.5242678864824,7.78834844594242,8.93031772493093,6.47385254447987,8.90094340570694,9.83011724399311,12.6343266104621,12.5486108710596,9.36677646520092,13.7394523976004
"TCGA-CK-5913",11.1881733040623,4.83863453292479,8.95060295775179,11.3042048665714,7.63638291182389,8.64269476068023,6.03964941123777,7.84057089466634,7.12090479892694,10.890946459231,10.4959232865843,8.35078797528298,6.17717439452119,12.6594767608248,16.1230205985206,8.23361263648074,10.7446329681557,12.3403979462029,7.96216795956385,17.9843320993844,9.67745695759238,4.49323987869967,6.87880956567954,9.52877004478712,13.3596540079158,7.09181363862658,8.81740304463283,4.19123582388048,5.40357304513425,9.908337135414,13.0751732383921,5.54323666290155,13.8878529174941,6.91442726584875,11.7382034612552,7.92384032923954,6.50242117374282,8.13086155154643,8.59948627693964,11.4251148500827,8.82455121845257,6.99066639736071,6.59768795840967,5.82426384610411,7.34190452464656,8.06339678871049,11.9748349861111,10.6695797221291,10.9180011391029,14.7020306013048
"TCGA-A6-2675",13.5150842127975,14.7857535786941,10.9310571718264,7.16494280893391,9.33493443402859,13.5985253207488,7.46802020239849,8.24467780911424,8.45036870014197,10.7182543232159,8.49108704317005,13.0965039148294,11.8382359307262,6.86012545612265,10.3921611726628,7.13725556335504,7.12136378889321,8.80168095115819,7.98621526286226,16.8480801660571,4.41276071493977,7.27632535420533,4.59262570510024,9.41017883100142,10.5661071511483,5.80642417320555,7.88714946357548,7.08527864637512,13.8760786475705,13.004818480479,10.3807437865919,9.93015202453766,15.7601791495992,8.2485844819404,15.1077735836039,10.8115467636316,8.84247870037922,9.89146802851842,14.5865219828282,15.0920546282682,13.49803282971,10.275672080631,8.84920601378901,8.74453159563187,11.0023481271364,10.0520350268233,12.7814623824616,11.3151675166876,10.5101006258272,15.2154635262523
"TCGA-A6-2679",11.3599069586871,13.0707283098355,8.39909397117574,5.65291006249823,10.1971909804271,10.4665395403523,9.23027175253064,4.8537119298004,14.7229076446095,10.0364455115036,8.17830763815779,14.663770933071,11.8746694318089,11.7417120237652,12.9230817855533,6.18291310116548,7.48373889857468,10.6813122865436,5.16800066082836,17.7481154843118,5.23783394339837,3.11192417339388,5.55470447609533,8.85740368288851,7.99840650682836,4.15665523124491,7.47629960179496,12.8802929523572,11.0477729734498,12.5977564195186,10.3896347802594,8.75729703900203,15.4799293076579,8.7792851185536,19.5887853960867,13.4336295810874,13.0862384629797,14.244978466949,19.2564689167552,20.2147519891478,19.0355990371755,12.1481255904249,7.4506450139222,9.98022723532659,14.0890307532357,14.0906421711355,12.6745786866629,12.656170730858,8.27668860930877,14.8133352243288
"TCGA-AD-5900",5.22801803684175,4.50803473298765,4.7295327006754,7.50171130533771,7.44277367954609,5.70719866944256,6.65636068220106,6.91893105886992,9.34515743450809,11.0773714470497,6.5402879979907,10.9709694043133,3.92989507629443,6.60480535349102,9.75639560210048,7.18607971272794,9.65752921197359,10.9724418269678,5.3463014419281,15.2607330862927,7.02259834589011,5.28386951661004,5.73827552317028,10.1499129574767,9.64040724700504,5.4194917265767,7.43394839868637,4.61783974589765,4.11890962560075,5.01884996955806,12.7637542862729,4.89198383349116,17.1435792181695,8.54993029732102,15.5879833130814,11.4789542565044,10.359500113525,10.5919098497252,10.0838943281449,12.7829812337816,11.9186172645939,10.1893579980705,6.86383915542427,7.34382194724825,10.4723201264389,9.97139980076513,11.6353463459619,9.93381092217792,12.1720275803987,7.64505400812709
"TCGA-5M-AAT4",12.8706398651516,7.3267452103162,7.3771409836771,6.32580270080428,11.177463579372,9.91553015229335,9.43506691032482,7.06776834701948,3.78385299769433,8.30790903478343,8.28249469597941,7.63841882669496,8.56124822806552,8.70150258981645,11.3907993072424,7.80007732544367,4.74465758220909,7.44091798109518,5.96124849884867,16.5627853159024,12.7821440483164,7.6508563369086,5.11417061329192,6.53396543500811,10.0051734854207,4.58674538761329,6.95734086066915,3.87479998388283,7.16052925710494,3.8987504052782,7.87814333273816,5.44090269904192,12.0097345888342,9.62352519679212,12.3960755362308,6.33979952356493,6.36073657556938,6.95088461993203,9.13240604319346,11.6024686046597,8.1596930822373,6.05209668878876,9.56494672024758,4.74031382669621,7.45253644096526,6.67608357706879,13.6153171273823,12.4076279716783,7.9839059379603,10.0553227105838
"TCGA-DM-A288",7.84556248910725,5.25331646115101,6.66428177008447,7.00640148786682,7.53290024339295,8.79976311641902,9.66940891113454,6.78551761172424,16.1370063040496,8.94138077837374,8.09522379325799,9.07189858761885,4.11219857369667,9.32884664480208,12.4875479814077,5.94317427539026,5.10489733585456,8.49584561419369,3.78864286773502,16.8864142312096,6.90217496762546,5.83952213624295,7.13025758407729,5.32878767677767,9.53116832879682,4.60391804071913,5.50724121444837,9.78160882833539,5.29817733610568,4.23535998746573,12.3462869996986,3.6308313513654,16.6092276144168,10.0574939347117,14.435050907906,8.88386092722417,7.74621902034274,7.88581043575147,7.662507570154,8.85245594753616,6.97922460765453,7.84345614198149,10.3379181473212,5.18753941998634,10.4120893814958,8.46631150316318,14.0674064782464,12.3772321963134,10.955829625084,9.6219665197497
"TCGA-AY-5543",13.8352332045808,8.75044805687527,6.65283869188927,8.9304488047212,7.96867371391331,13.5662023586587,7.70779212472736,5.36743017742112,5.90347776158169,10.385548094275,11.3119563194804,12.2380970086666,12.1974432706698,11.6013015720336,13.2357806146998,5.91159253314319,8.22980945604711,10.9926531116385,4.66157692619384,17.5296711174149,8.78223513436303,5.17241951859901,7.58738465214071,9.55472751798451,10.9395595217717,3.73250787503566,5.9368155412751,4.58587401502368,5.32194393489795,5.30510145303269,10.1802904556722,6.18222426971094,12.3959338201298,7.84334693248641,14.3284881663103,9.60913527118939,8.6116745741153,9.73303105076073,12.2048103129841,14.3594747378407,11.5236884699939,9.53685698967937,9.00855063752793,7.45807988311216,9.81907661133914,9.65100194420675,13.3584388163175,12.0140939304904,11.4261804229495,12.4021399481347
"TCGA-AA-3495",14.1661440722462,13.2158272130807,12.2127456918387,7.35905253671975,10.1602746148992,16.0807334097919,7.48782531883469,6.60879147757894,13.0237740194295,10.4084925940678,8.52596478364223,15.1213946568242,10.9086226164785,11.858129253656,13.9835205703991,7.86228666374082,10.2754931539365,9.90460404554238,7.2624754072682,17.2095053447544,6.78335847057597,5.03221622740965,7.83569195399489,9.56127451015519,10.237704129951,5.43114184507777,7.64590357964104,10.4600477414451,10.5891394741219,11.8424575947596,10.5983954266415,7.57097652052794,14.175503364031,7.15479379093189,17.8268071868317,12.7132994274137,10.7957670697906,12.7812256908518,15.3794886216798,16.3616419037995,13.2083897128351,11.4439239435879,8.14503263038355,9.4202294523985,11.4658887173633,13.1209228209012,12.4166455067665,13.9579500574783,11.0738572349672,13.4646511560844
"TCGA-DM-A1D0",11.9829087864773,4.0701791352433,5.31980774573282,5.35244965147438,11.1528044871878,13.5765401756903,9.50495706500339,5.06227948612951,4.77129509021384,7.74603505347809,6.4240261944726,5.25355350800567,9.27195902414702,5.27177855473615,8.17821213523953,5.01166579828574,7.06065536145475,4.83190739623722,4.53332629550028,7.80165773123288,5.15522097861488,7.4096879982301,4.24052897292821,5.30603654918506,7.73168920321192,4.21827151109822,4.75008288541699,4.08449422581156,4.89097880668632,4.50167704286268,6.34806617292878,4.63026354212333,8.7062957095672,9.10047940599382,7.54370120089817,4.56333396016623,4.61150965535412,4.81588838379254,5.70669873613727,6.30548762330512,4.95865097059174,4.28453976720789,10.2030186134913,3.85520166931073,4.63952506688183,4.55241370736876,12.3647007452793,11.4808047352568,6.16084242307303,8.7040278777321
"TCGA-G4-6303",13.0071650757631,6.06753249368922,5.12951446952498,9.89299272871316,11.0953212286283,14.4636340186947,7.83818139857054,7.59120318527911,3.92820269076561,10.4608549048415,10.4163332598613,11.7597743433622,12.7722125386236,7.60489667706721,12.0349606011832,6.594687153521,6.36753963750697,11.3317748463473,6.83077965626618,8.1137311435938,9.40564886546166,6.38037123213147,7.60315662572918,7.15481092997861,11.757865682091,6.19743151824871,7.41260307373236,3.47596102506005,5.93539592584118,4.65665211528652,12.1091978796897,3.98707565514116,8.3369609061808,7.26432382909945,14.072485593651,10.4378443992294,9.6983223927815,9.67635589303048,13.6852642850831,12.7294055736517,12.7453231000585,10.0689319817916,8.47313530238169,9.12038199878535,10.1983416765682,8.9455705406007,13.6555294740443,11.6096390980476,10.6421314163251,7.91240216824728
"TCGA-AM-5820",11.0599113753972,5.82748459217112,9.05104706477524,7.16780291898053,6.80471027830675,13.0789517026018,6.79078812092392,6.52634985090877,4.34783817375339,9.79763795264077,7.74594069061528,7.17142727855959,9.80256400847427,6.75157575835214,9.44512273583405,6.58231355165834,6.1248060919335,7.38471994249878,6.0574277281571,17.1109994401161,5.84438195212293,5.99328128619359,5.35660629190753,7.33859771707695,8.91373014490549,4.85948786086128,7.21645523366968,3.73059404721736,6.50901265503144,5.86963874831384,8.21400608771938,5.3447223076746,10.5518540356862,7.05380836988809,9.47469989514677,5.36353253632919,5.34829415797371,5.52642784520845,7.92939987722165,8.98797932456781,7.15380000438749,5.30963837416181,7.46167812563625,4.81289513326832,6.08937993675239,5.62454795308041,11.6478754993419,11.702310410988,9.08451887704573,10.9990761837393
"TCGA-G4-6293",14.3783106230348,10.4238369031717,8.8935801597323,8.27253225979923,9.23113431965801,13.7095924591229,8.03190030632599,6.21391320528101,7.22403340348891,10.1987468932921,9.04909317485465,15.6229008364705,9.31655593682259,12.1203288387983,15.0852311516938,8.74388527051624,8.96899784939016,12.2198200900298,7.4201486184952,17.5925321475331,7.43730553673565,6.0098726604558,9.20730402817679,9.65218765895156,10.9356334034732,5.84958725692424,7.12240097433324,5.03071733497801,5.53926146480931,7.92279990281534,11.6079465732304,7.62388045073691,13.0663267607478,7.80333437266383,17.1350951567802,13.8995972381012,13.4076861572148,12.3304177176878,16.1132560870722,18.4176999846278,14.9303682882119,13.3694797097675,9.52771883008642,12.9979867264489,13.1271497012914,12.3512531432405,13.1504913688539,12.3389710494227,10.6429856221723,13.944924642941
"TCGA-D5-6898",11.9708502266303,5.5682294105461,4.54381788165025,8.77716707545242,10.3802757139274,12.7391916876324,8.40803799199143,8.27826261403366,6.05780045202195,10.5479921724661,9.8054580443869,10.7298515043431,7.76974077957538,6.32465837686455,10.3056355252066,7.83533328771216,10.4406200549404,11.3273169586082,7.02263299433685,15.6848591304794,8.91540198878138,5.54752880470009,6.94729265834182,9.67690645883629,11.9314888362541,6.84697763044113,8.15515527327194,4.98361889852066,5.60568084061934,4.6645536839966,11.5018449429198,3.41974714341941,6.03290620286619,7.45460035916312,14.5082425742467,10.4626891465844,9.0156313696995,9.9870959867745,11.9471818579166,12.9932683293946,10.5354217081215,9.42195814516444,8.37008301870651,6.53895832357258,10.5350493253792,9.20245656892021,12.6422847410256,11.3612689275984,11.4839588689333,8.9709120223252
"TCGA-A6-5667",10.8439067627138,6.90104338037161,5.37823610809439,8.58192239123549,10.9076211463431,12.8346972212881,7.58512535003627,6.68536595251995,3.20874678500319,9.12278862130769,9.04216233765164,6.88564354020105,12.0145497873772,7.44601769674671,9.31713154386851,6.58802132996972,6.60996997683388,9.98859300351149,6.16287850722928,7.13142988021286,7.68954805749122,5.47413068219996,6.937679442622,8.08671938383599,10.1991330216694,5.16319422595756,6.79257659974613,3.81914652716178,7.89929401538127,4.42495669549493,9.92655240398828,4.10993184777157,6.88360846509243,8.20268430532653,9.76912114459229,5.87599811661232,5.65119026339736,5.51022745779881,7.31388446883999,8.54711690241242,9.95839372082442,5.73066792768492,7.25427146038994,5.10865512150373,6.35738761417271,5.75767128016608,11.2764812531634,10.4135137341108,8.95345213060035,9.23956792655258
"TCGA-F4-6461",12.4073468431769,10.8759472309734,9.95044910930322,7.70401719996741,6.71753511626162,12.025264896503,9.02118227726908,6.1974373461831,9.24985337173491,10.1736750086304,6.79893521250833,10.1307643469602,8.71197162024089,5.06864250283216,7.07959063948546,6.28574557996889,6.46172617284842,5.79815452278913,4.45592012882669,14.3011364525987,4.57441607073186,6.64054672883096,6.10079054428312,8.11594649158551,10.1875720857999,4.50732070455881,6.32420470227886,8.20047567705898,9.80203977658108,8.76710795028544,7.2812328486395,11.1147414445235,15.4477028751613,9.48642848255535,13.9908837943325,9.04738011390416,8.28465403373354,9.72794302261063,11.5931414254649,12.1369994628626,12.9435227350682,7.84065119355246,8.91073557794212,6.70541786870488,10.103763174129,9.81714736723064,12.762696790834,12.1221388411338,5.82231805190543,18.0045026028571
"TCGA-F4-6460",9.01337670112959,14.8714554650751,5.45019660123623,6.71204283660842,8.87987160969977,9.20920526819049,9.71171083018214,4.84645169382019,12.4064488057355,9.48791257478939,7.83953362168875,11.5084379073986,9.76509729615378,8.16019339289589,11.2955207396806,5.4168655735927,7.882144969141,8.24845807049119,4.25561169515131,15.9325522516304,5.94660454622785,8.22791351503682,5.9151062453414,7.91238354979605,7.77089714986586,4.38605756508446,6.20302823141246,9.27411914725663,11.8608440087283,12.1938991402421,7.72685283549412,9.25364229575695,16.0743909222383,8.29348232637772,14.1644356615356,9.83967359768893,8.08738850897388,9.4882165091606,12.8288377011418,13.8774543826962,11.8753685589083,9.13502444031037,9.85258954323374,7.27947560373964,10.1228384288857,9.60183078751246,12.9326532888096,12.072617591483,9.8160747300475,15.0257313129982
"TCGA-D5-6541",11.5630812214572,10.2289659010939,5.44456774154454,5.39482583405024,8.99787578285784,7.53904274126453,7.62051453757685,8.81385767491989,12.1943707886104,11.1406719982808,8.17229327129303,10.7574843837705,9.63538664797401,7.13568801954188,11.4314563109443,7.91858668364212,3.6943866296616,5.40165336168933,8.17470921691472,17.9663588810224,4.89219063049393,6.2390322829128,4.45141797047535,11.1582566773159,9.57783122218227,5.88467246122216,7.31198650047097,5.25332139404281,4.95064756592032,5.27831344988239,6.21180234554757,4.94082135174764,9.35871332355212,8.08809304633056,15.9546514133791,10.587376186945,11.8192774761993,12.1915736837991,10.4962706134747,12.7233413154893,12.8439303991319,11.608239565605,8.04244428767991,8.41677447585191,12.4493802033246,10.5007107667555,12.4403862372037,12.0497844015747,10.8229296212332,10.0230502084942
"TCGA-CK-5916",6.44434541790003,5.18839570145489,7.42331677052473,6.19693676111228,5.44631191510154,5.72087866365429,6.10863219409385,7.5694226193403,11.868802941913,11.2901020925085,8.35282964339291,12.5062481497282,5.28166085424279,7.02645633394049,11.2559628464761,7.87978269628875,5.53798525799638,6.86383812587635,9.26324921348215,17.6826069049413,4.2475000177547,6.1920141842552,4.18809803026564,11.4761413405774,11.9001400810214,6.04525382015098,7.9961196910432,8.33602014599293,4.68536874727921,5.87335593110479,7.01522906992258,3.59595319070651,14.8002882132318,7.94514606615666,16.3434371106934,10.2514788300539,12.502515661587,12.0889757896128,8.82728103419032,12.8743695111516,12.4101785451588,12.2133290205474,6.52097503132364,7.4480366982045,12.8825073933469,12.6464683976384,11.0141564179268,9.95784022525107,12.4376831179008,13.6045939998467
"TCGA-CA-5797",10.9520416662624,5.65154893423431,5.04963512595682,7.1456133721857,6.95123883391073,11.5154685686405,7.30293710566319,6.82232809103721,10.516340757376,10.2032733115493,7.0993606407929,11.8051956085043,9.52636507675948,6.03997519293246,9.55614121863671,5.43188100289205,6.38682122637825,7.61339243371835,4.93970227910687,15.4547870158098,5.8453588031806,6.15622768106065,5.37953412640167,10.6947281226903,8.54783124959708,5.13197385877006,6.59730568970019,6.87046434686207,7.07439507788613,7.39240045435878,8.69600910197676,4.49574874852914,7.93494756142019,6.28970531097674,14.4874573898747,10.0305949104973,8.81680155656174,10.1226459081412,11.1923923255665,13.2141073142539,11.752309349372,9.4288059003953,6.38397200495781,8.13245701560838,10.0326221829784,9.99505522854532,10.6760857138439,10.6192035130107,11.0148860242239,8.15790283543788
"TCGA-CM-6172",14.2980285793093,14.7431180238583,11.0009804088057,7.36272501078724,8.4265144252617,15.4784112961399,8.31406187430295,6.35567882822611,13.2819775174144,10.1336635520156,8.15486741004806,14.343242263569,11.2389832617031,9.86718046070661,13.6952796341291,6.76636577437971,5.98843160642161,10.0073599236557,6.86729364020154,17.1395618563119,7.61605981354253,7.45734118228859,6.71083228034167,6.2935204126656,9.25124265824005,5.47283732421014,7.02343587307001,10.5614722529953,10.0327166588677,12.4691294939147,9.93677249846843,9.44641712360547,15.0040785212561,9.49418116289506,15.7297441714862,9.5121362707869,10.8098542144107,9.79726035493011,15.441530802528,15.9867446032188,12.8786923988168,12.1807932934154,8.65656338056282,9.19734246141667,12.1185160019615,10.715311196639,11.826548121005,10.7540708684738,10.3474065679939,15.089830999701
"TCGA-AD-6963",10.1304353361599,9.05957977660977,6.06528087784551,8.96385250234444,10.5790541760813,11.4889807332914,8.36089236361129,8.06399852240054,7.70555000489115,10.3744940184612,9.94793755644221,11.263892994265,7.91965034461184,7.66219494454936,10.7362901385508,8.82748542488783,7.48385149043863,11.0105893967492,8.21827915476357,15.8307023488995,9.26016362466325,5.15129175884654,8.34804618704454,9.35913473235053,11.0500201829274,7.17217768234627,8.45739395147426,4.35297742953581,4.84236912738366,5.60991589064499,10.668676056785,5.25407514145036,11.2993232206111,9.91645420427014,14.1264852980664,9.44857487451587,8.44327615950299,10.9519360725848,13.5841632849456,13.8824273059852,12.5705565120415,8.47523868350776,8.17823641705114,7.61621857065471,10.3026477480296,9.0834181716363,12.7965233568407,11.2880014628196,10.2813140860837,10.5061912012352
"TCGA-A6-A5ZU",4.62196473431356,4.63836491112405,5.12060473804762,5.32338722276899,7.27400120224366,8.26045969931257,9.07905179812238,7.19379882941113,11.7399759755668,9.81148076031204,6.25638484423029,10.360411136929,3.76500454854296,3.43967342694788,5.01160440025126,5.93786916415553,8.86448242236073,5.11295485520094,4.63728292476089,5.54096411997009,3.98152951661868,7.24020994884569,4.58898079795942,8.56223254653377,8.35760857889152,4.88807961272242,7.77863270232988,8.26356977772163,3.27609463445921,4.15191483594703,6.00466229615887,4.1271568187752,4.38680024616252,7.89291498829892,15.9888791001218,11.3960017520373,10.1847025590245,11.5541852606894,11.2878239532978,13.8587582433997,10.4002863824584,10.0732858463779,9.64034742073464,8.52139419512029,11.6858174667076,10.9556337672554,13.4125245377621,11.5763261771135,7.27266739062815,8.42764750499087
"TCGA-NH-A50T",12.3133067421746,6.91309133524436,4.46502125177225,8.08573511530425,9.26313388294576,11.9144955201407,8.46923932921892,6.43946819855386,4.30033565905369,8.80523441673167,8.79076627731394,7.71583345862707,7.41936235011341,8.30657915564864,11.0821936481474,6.96440559819573,5.37852299224591,9.15369519575145,5.53100552287606,14.6617670285398,7.94995916327426,4.66402891810025,6.31739691341959,7.10790974908081,10.4516646468535,5.47748250824923,6.54394767682088,3.5131312650495,5.32293796545406,5.25897299648661,9.53011471026945,4.27272946424531,9.25286438184088,9.52964778354187,10.3391162836798,5.67607206694821,5.76114203649211,6.39014716152125,8.88167309942453,9.33641136912634,9.20229192187841,5.33098048481574,8.70020558031896,4.98274615616892,6.49002297622097,5.98111533461443,13.5744688583997,11.4973968040032,7.8170040098413,9.99586026111308
"TCGA-F4-6808",9.09038700022475,10.4418099000216,7.64764176039174,7.23763925584603,9.88997064276124,11.1862806696757,8.42558819318874,5.93281661840041,15.0558863072481,8.66739121353013,8.58713049335222,8.13971166140336,7.97154739214904,8.47386792214419,10.588341305635,6.51149564114066,8.27866185439919,9.75191300164695,5.46578272944511,14.4151585164182,7.74931442485185,7.4708312227729,6.94800008559354,6.57066109558367,10.7884680684331,4.71153789656883,5.20156921724899,11.5481662778858,9.42800832869387,9.20880898492186,9.90550031959677,5.75598916299151,11.8503963099431,8.89435704236397,10.9794990712971,6.34580188288678,5.66125104169036,6.81366892715733,9.12586217458121,9.88352497459358,8.38229519531869,5.97540641879808,8.84133502004083,4.24809443434333,7.19686233525018,6.1702914931724,12.3520395582398,11.3945093399597,7.94175166560695,11.2732275105173
"TCGA-5M-AAT5",12.1463671970905,7.28563289012691,6.83720900014004,8.64920627424382,8.82139120355337,11.1221621143201,8.35357112851173,4.277000700837,12.1373019593154,8.70625549876673,8.44949272314002,11.879335360868,8.0559051129217,10.3087038977881,12.7634630949509,4.79893307123728,8.93469047261166,9.34554930904646,4.43016556210412,16.8398951703157,7.4906708652864,4.6951576614738,6.86660435826876,7.01621266656513,10.1143514861087,4.21159671460795,4.7500677327876,7.53173658847891,8.62181399743673,8.31915342444901,11.3705264558153,7.05008572784185,13.626901892388,9.89899689902857,13.8878293949717,8.93171692538532,11.0083243275753,9.01906224683073,13.3380077576095,12.6901756974513,11.3238851885629,9.5079066375682,8.76537567079676,7.82160494404849,9.86432829645403,7.72677345010714,15.3589870113521,13.4099748448304,8.85891313092119,13.6010271824421
"TCGA-NH-A6GA",7.536237109448,5.51257254338411,4.33373507435238,8.50559481988668,10.3203895028764,8.59652924558968,8.68703837418614,5.84210019926247,8.87014276572724,9.64975470635338,7.52566468980359,11.9158454757371,5.084244442368,6.77249499572225,10.5726318501963,5.92578843555755,5.28526517023588,7.2573684188969,5.58658938426846,7.98825713891347,6.12153308358808,7.34272476206652,5.78568841838795,6.94130563986017,8.21246338516488,4.65557680599743,6.59808904866363,4.63324352529741,4.43614936381744,4.43628409424357,9.3036999227747,4.08970995701521,11.5026716835156,8.63939201957652,14.7193765866054,10.1622921180695,9.59890998246974,10.3179623208205,12.6025363268343,14.826944207984,12.022298774557,9.30685553881571,8.79475513368283,7.65230369906078,11.0534760994014,10.2343972913659,13.454500306589,12.3709145983304,9.81408590545621,9.87584853898618
"TCGA-A6-2671",6.417826398524,5.90722858266692,3.68505486794491,6.99280056808847,7.87762454144059,7.53386401686671,8.12067131453506,7.28359811591386,5.22784777934016,10.3845241322202,8.17144554750018,7.53903173671187,7.49731994482125,4.8844065089676,6.300059610974,7.55808443602004,3.87670850140996,9.7600694664109,7.5498225441279,12.6861237630735,6.84856989558864,4.82018726238212,5.95031439017525,9.96271695821582,9.87485579155765,6.30190047105024,8.63474325868837,3.70775726191983,4.26077784303254,4.86106205409223,10.9452253319621,4.34815032631136,14.4835292865845,9.31985052236377,11.8270118861289,7.57785251629357,5.49678621449113,8.51751961070113,9.0698646145397,10.5960663058653,8.5235772744314,6.00159163162709,8.15219374072343,4.69953590281363,6.2965858680922,6.97657615812524,11.580684829627,12.9753930106735,10.7500641888973,9.12761231262482
"TCGA-DM-A1HA",4.80084445106953,3.76335566249956,3.76894715480823,4.60079697160995,8.5019341331131,5.13574130666078,8.77700619126408,4.83897415858786,4.02883107858562,7.91536715186812,4.81236495633546,5.75476474454357,3.69748466486804,3.64740793941141,4.80404298768491,5.41532573057504,4.56997762227843,5.32770933762362,4.84359546372502,3.56972516563271,3.73857689313478,8.74122514664917,4.11043621111279,8.42816367882376,7.81916938397537,4.44289363302474,5.38487938577755,3.65139028804974,4.3949459364452,3.8206460786371,5.96280153534435,3.6308313513654,4.28611849177226,9.93805347596608,9.4698823588484,5.59272663100843,4.88959817555163,6.69224974872502,5.91417523409434,8.62487487936377,7.68459444610503,4.80195161101986,9.15228037388923,4.67943698586643,5.70352764575899,5.7270186177488,13.0064133198264,13.2502644290412,5.00033019102708,7.43837164029143
"TCGA-CM-4747",9.89208365667474,8.9716787012466,5.23437536615044,5.2130917735585,10.8055804562933,8.25613049455459,9.76684068041238,5.19685545315735,8.06954916886015,8.46666339842569,9.20771969118617,9.763045783671,11.7699727990003,11.5937355443053,13.4496747919022,4.9458170337562,5.59855201388634,8.08827191633223,4.63062003178361,16.9147874490789,4.41671050317966,5.82028450339907,6.31896315953517,7.38046672621375,7.67364073716901,4.40901135619225,7.58080930973504,5.03644893721332,8.00643898204341,6.84146738839287,7.9210342581375,7.50783673024283,13.9834131524424,10.2109378718387,14.8600318562489,10.6467306767321,9.36318529930274,8.86827889461525,13.0531634603977,14.4466386830496,12.8976680911629,8.16341404597186,9.30068222431773,6.61451201324522,8.87440297935551,9.48458459888989,12.6608292954311,14.2024955030245,9.29631024911839,12.9689841448809
"TCGA-CK-5914",8.89057429206622,11.0148765195838,4.45602275618856,8.74820206004234,6.75385555685211,8.34481875279158,6.68457341842328,6.06004107951342,6.97749851125229,9.51408417802615,9.27945302435549,7.34752661073166,5.13806676603007,6.52597740492992,9.55307172384598,6.61361905827042,9.01301349704607,10.4871004211749,4.77637339615526,8.47849095180146,9.92464920140728,5.42190387932659,6.20266646905986,10.9683339438534,11.4205515547329,4.93425328056777,6.40728809377599,5.11148895038368,6.48131978278593,9.25422754647365,11.5082965028096,7.05201869409851,12.1395356250711,9.70928983096855,10.7621019887806,8.1495807494626,5.40210612352046,7.11240974436155,7.22805737090225,10.0427980038899,8.11046793774732,6.09121492873974,8.18673029234755,4.75260037303406,6.41880937377537,6.30465458044739,12.901982502981,11.7082002252982,10.9022676057481,12.6439644318582
"TCGA-CM-5864",8.79945176210309,9.20817863216548,5.65298717167799,7.2332032902359,7.27870930585667,13.4942085632771,8.85662572174488,5.64540171716844,15.2003055415642,10.1089395640033,8.45602228419563,12.0946382490679,8.19127599679198,7.63830052098406,10.4485195821058,6.35066991845307,7.10613557889995,11.1031598762191,4.8105774300022,14.9685252083988,6.7403654880419,8.01050726636082,7.28558013297346,8.09876581441344,10.8403664323403,4.53512881857782,5.82378132145366,11.5340343185136,4.6708804206321,7.66574999630616,10.4705802649311,6.43838796346942,11.2698128410192,7.61375193423366,15.0019391440827,11.1295206804167,10.4576749405547,10.4585797644939,12.9500126565544,13.8170058005133,10.8414527597972,9.52396578394272,8.64953661551123,8.61055757083886,10.947132469096,10.3581556358397,12.1423500425993,10.7857233187977,10.8050234461914,11.6296510710358
"TCGA-CK-4948",9.88383237058214,8.78765558110664,7.24122149770081,8.7133662668242,11.1600707963273,13.4232498826586,8.55485374009558,8.32882654941473,10.8040691064916,10.5599425280004,9.93898360654053,8.97976824815182,6.16001887400233,8.58276923775183,10.9969316641822,8.66196900521617,8.12256724250532,11.8094027029918,7.48531153372121,16.7375362400498,10.5133068244258,5.10222836072919,7.29247338908733,6.80502487254165,11.7821691676758,6.0665533472643,8.2706850772118,6.78615323273427,6.03088995589436,8.39207134631852,12.7606925835647,6.15187926889498,12.9329463377254,8.74523525348177,12.9723567981252,9.0697576519441,8.95307236677868,9.36376152308643,9.4541979125331,10.5573072589404,10.6093204599159,8.69854580087253,8.42661182941597,6.27229378121707,8.93567069219568,9.75497679486576,13.0752138835869,11.1893602047999,10.3136128951922,11.8106074152867
"TCGA-RU-A8FL",10.3148764864733,7.29599010516193,6.07788420737381,7.39211405006463,8.41893037219563,11.7729606272789,9.09398682332137,5.88895686170543,7.82598946975235,8.85791131898801,8.62821828246388,9.65924711737286,8.45584652284674,7.60076323501841,9.76810064180753,6.08080764693303,6.17783874108434,8.91470518382325,5.66591918931925,13.3989261840372,7.06466669503555,6.52435415787274,6.1098757742108,7.42042013223505,9.90317456123352,4.94472244898341,6.1250232920863,5.82463618930692,6.87136151778,6.89740579461326,9.0543862260342,5.83947681910432,10.8569569722448,8.76885596595535,12.7259557230773,7.89426890010851,7.16117359573153,8.53627098195853,10.7341691535028,11.7787783412466,8.86707247015112,7.11672988628806,9.01235580990519,6.38139049544831,7.66500018790506,7.79849523391601,12.8776640254078,12.5814059753677,8.97965638405498,11.7872097212056
"TCGA-AM-5821",9.6059745798547,9.16456996311256,6.59920477853872,9.08744489106442,8.77423712111896,7.39795337820262,6.98359251466851,7.71340062417997,13.9172831115064,11.7621186275812,10.5291960693762,12.769902150095,5.92434397206806,9.35243093913619,11.111378838515,9.15495703605752,6.60412203506734,12.486733677922,7.74417762876855,12.8327269745376,10.0061638601008,6.06888439440392,7.47142471830285,12.3405946072514,14.0104840864589,7.65891721998413,8.56093750593672,11.3703395589147,6.41263839097134,7.1635472216836,13.6815883930707,5.79440239365966,11.4623086746462,9.59065250873,18.2391758604562,15.7780013763748,11.1550560415529,12.476002585112,11.5554797097976,14.2378469036839,12.2205996096995,11.2818060425761,7.51433634083801,9.2708472337675,11.9687458049129,12.3603459795864,11.9202808196006,11.1548905749525,12.4540956308544,10.1149946647895
"TCGA-G4-6297",12.2452786565453,12.6407330488332,10.9149566431421,7.75727798713361,7.8700773908479,12.7766691245998,8.25679637737513,8.06267400953167,9.72685737355089,11.1095486011643,8.82296155214874,11.9965112817077,9.14696127274574,7.64042634551382,11.3855618971748,7.43780170281157,8.7654538746706,9.33362062709485,6.9904624073496,15.6459288330916,6.88564584407327,6.84128709490997,6.82956978918773,10.2969764380061,11.6616747946859,6.87174722761588,8.1631217692391,4.43600575801891,10.0230788554783,10.5504700055895,11.651468619712,8.46983427952417,13.0497272702284,9.14050785542624,14.1705876494933,9.8327459590331,10.6112102537719,7.13943545257766,13.058711072676,14.4588506500219,11.8907288570295,8.95075109834422,8.52365280184262,8.14156300206545,10.5492948661258,9.3367462924361,13.9141606559223,11.9926056352327,11.3922692260527,13.6248677023246
"TCGA-D5-6929",8.4020601203161,6.90437185845392,4.02586174765399,6.11258412135519,11.1944782390776,10.8730811664909,8.95881174570041,7.001315351472,6.0532349128703,10.0382459268343,7.88677965504187,12.2664058058564,5.14148582328599,6.87225389292674,9.35224426631187,7.70119553996656,8.09792729953433,6.6472961316149,5.3723803027874,13.6509307757626,6.79014190476511,6.65618426993228,4.18576980399462,8.54958149310866,9.4417722419153,5.18795433761345,6.95579280955789,4.3435075782547,6.34153135539212,4.61970250770779,9.19637601806298,4.73846982941602,8.34511201990001,8.32140003500363,18.7737676801228,13.2670965829544,13.2576596344921,13.9175911847134,12.8700541345388,16.078812799195,13.7045538623801,12.7252276342578,8.5143314587621,12.2472471240587,14.1195275170178,13.2504556453536,13.0930302413282,11.81770587398,8.13380557400938,10.2745803494355
"TCGA-AZ-6607",9.01519869924644,10.0693251013628,6.92409373248429,13.5283448047584,8.84688399800037,9.22196546880159,5.39040415647825,8.37525197910279,7.79036409935619,11.6986464093687,9.88197460734042,12.2465875241772,8.70747808501239,8.72356034280443,10.9193986812665,7.85656996072442,5.45312228520309,12.092912420287,6.15886722111194,13.9767380531238,10.2186041662407,6.05644111930192,7.75602228918252,9.84207561092157,13.7460944904482,7.9055301752859,9.20359922034805,5.32079820093369,10.7382599913116,10.6750750442141,14.6821255319537,8.82170627807284,12.5013284891976,8.78389316150812,15.107166879938,11.2763355045144,9.90517470948678,10.5079003930321,13.4384313029685,14.4516814764585,12.6494635156117,10.6857529282672,7.10348541941521,8.77052547009375,11.287889437725,10.3584345977439,12.4083179144603,11.3412620848136,8.43548077964513,12.7597794589727
"TCGA-A6-6650",11.8167181790941,9.42042021012546,7.45955692229864,9.56345498610478,8.74852501942526,13.6662575143206,9.12855312933544,6.43974465271673,3.82634008065234,10.0112511905779,8.31302549846708,13.2792897446967,10.5353622276411,5.10572645877764,9.74268970058198,5.55474707302862,8.92589595484854,6.67272881977196,6.68088531627355,15.5911214331955,5.65944451132354,7.55004215131367,6.05607585961065,9.29813148831395,10.3960140422791,5.9106566753981,6.98795259660695,3.20830128506033,5.40587147980064,7.45758835929405,7.21486534767188,6.03438435929512,12.7539510228271,9.31135974072135,13.9918323603502,9.77570216037269,8.72630916535052,8.08467677300601,11.7412556664752,12.008243852922,9.83098510048318,8.56374013604486,10.1186225042277,7.89693351312186,10.4169430525029,10.0450509341868,18.1305798801881,18.8049505793761,9.52891821467434,11.7052803517136
"TCGA-AA-3494",11.8147924879122,11.0321471347791,7.50741234325785,9.21268931237887,8.92526686258415,12.0385630617814,7.57514293001256,7.04906416860438,10.7925767465113,9.76306517647869,9.54957079822807,12.6128189187752,9.71890309825442,9.17752383981117,11.3787008224724,7.42936492246672,6.64975336528849,11.9696031662112,7.92680690072227,14.892395618706,8.78825880191331,5.60984055648734,9.09027006400343,8.40506657305493,12.3029409762896,5.95716028627586,7.24969302659833,8.8351225781521,10.8216593772222,10.9473787500231,12.2560031421909,6.79267172892165,12.8404925718444,8.61008343946587,14.6440014916585,9.92470305871299,9.97999053161425,10.6595759847716,13.2174707540346,14.4257946571428,12.1838220780145,9.28269706318698,9.074311086987,8.50068455675244,8.84814627923387,10.4467285022448,13.7958026139151,14.9917082648457,10.533012843983,12.1887162097393
"TCGA-AA-3488",12.0666357873232,9.28624241924319,9.46338615177646,8.40975506730912,8.91094411103225,10.8660946349545,7.544787722007,6.12456917781136,17.3882160571807,9.89719987013738,9.49204857801819,12.3960256360277,7.54599202809844,12.4553159307367,12.7183492442628,7.74193048706995,6.19544347409109,9.24310545137292,6.54958328985179,17.7448800941049,7.17065793450558,4.49614240675373,7.36035833386993,8.2136916238291,10.5541389282427,6.1138836805098,8.36820283459753,12.2109427733852,11.2249955633233,9.09251233906553,9.56366559644092,6.87965877117409,12.6846434236868,8.95808187929588,15.9282539017735,11.2152105172791,10.4169624467896,11.6343077896313,15.2664229232219,14.1681746790793,10.987415608595,8.21016087002184,7.46160337310937,6.93100469523721,9.45362647366948,10.8082262544577,11.2769105799204,11.4141954940835,10.9173637222065,12.1060730995658
"TCGA-G4-6302",9.99264528189186,7.83175271409396,5.33041344771181,10.1304964589599,6.11727190787016,6.22087135903636,6.27798648372737,8.05823069584006,7.45860552802946,11.5673836214331,7.50855630267821,12.5181675527301,4.48712058746643,8.26319824164727,10.0948489635633,7.92942577362888,7.54662534482141,11.4689517408349,5.80866866605619,14.6113271281006,5.24244039962761,7.48989100564858,4.83183554286568,9.02590618855306,9.28577580387571,5.92566454983124,8.96862681084606,5.22539383758329,3.89475829422953,4.61646748449416,10.6875185487567,6.33755989935536,16.7090999202357,9.6326786069454,16.6421945611728,12.0496959914924,8.93419606982378,10.0154426990293,12.2084613024374,16.3168921985174,11.221555061414,10.1133243124873,7.76394369952832,8.93181373088221,11.0497997602775,11.6919950446003,12.5501230196432,11.5109129948278,9.79449353243269,14.9407451283562
"TCGA-A6-A56B",5.21439577008311,4.42195487538475,4.44292181754285,9.33899687343227,6.0232386229218,5.31149739547691,10.1038022920656,6.33277113671436,4.19449331721991,8.79674554429043,5.85580043883641,4.76604686837744,7.15729001264666,3.43967342694788,4.56136671729171,5.01088746343388,3.98373980973205,6.91708670855266,4.31306406598095,5.95126677258658,5.09707428162387,9.1783484943308,5.03920591132144,5.63044316416602,8.15846316862257,3.60872075134833,4.33343516645848,3.20830128506033,5.00558921015136,4.4083459139546,9.78411359935809,3.25228379450494,7.13859369383048,11.0818536915409,7.98246730723756,4.7805871160664,4.62514133587161,5.10796515522858,5.32005800551801,6.42416011935557,6.04304842131752,4.14190151843864,10.0338411899257,3.18301043604906,4.39866539415564,5.02849536218028,13.5179796207364,12.141066714614,9.92685726830368,9.84093197135041
"TCGA-CK-6747",11.2190587119651,15.014301882312,4.44019760093502,6.67694558721874,7.67113337219533,9.299016566457,6.11883255862111,5.15613244411028,8.66100591020002,9.34690278022186,9.19324571133059,13.2939903633987,7.59417829473544,11.9607512842936,14.553561971416,6.08153393582685,6.04883087499446,9.24871292481735,5.23468443464477,18.8635346094696,6.91824084417719,6.7212223045326,6.57226387557277,9.4388245640041,10.1943276171827,4.86907031801919,6.53623618763809,4.8542069754191,12.4402826847079,11.5307533464456,8.82166776291274,9.93940178014482,15.5316176044867,6.79824186760669,15.8189860093559,10.9314996396965,10.0296406463986,10.736916010079,13.8971201784585,16.0661910616536,15.3411651705397,9.58689914314471,7.36750741637779,8.75076791770819,11.4822805166426,10.4515786209213,11.4306593711302,10.9818690369263,9.27652199669701,18.1732470288399
"TCGA-CM-6679",10.7697279274652,5.14117126947185,4.13028744189225,6.24158215988548,10.3358982061119,10.8400665632304,8.80800791537359,7.28728586407669,4.94969786202945,10.2714850275673,7.75540599917691,10.6209784058557,10.5687055546777,6.85188544633923,11.2098016312018,7.23749393532646,4.71202777930284,9.20931845046124,5.9605501760009,14.340165651918,5.34702231595597,8.09526934087579,4.68950954812256,8.2295990807489,9.44471724369593,5.23394634370757,7.44212771534414,3.65956287614098,4.40644735152649,4.22810163505766,10.5036760572374,4.04160017539616,7.83836286766652,8.4582329540474,17.6742197084563,11.8224482428103,12.4314995431306,13.1728333804525,11.2530529565834,14.5609537836546,11.3142090128947,11.903884528283,9.49874339769927,10.4676471173991,12.9798310386537,12.3936574639291,12.6914325933635,11.758486896942,9.19776614203559,8.96994664013961
"TCGA-AA-3509",11.6883794887938,10.2901074547464,10.8631365492171,8.08290757818208,9.72671230572964,12.0601558008487,7.66868203442558,7.38932174476844,14.0693644654203,10.4642360079572,8.71359008077796,13.5421784893485,8.36769001905998,10.8987952755215,13.2075754713745,7.80913503908696,9.1421519433019,11.5181207106123,7.57531299750943,14.2964103131281,9.04426495098363,7.81321207631737,8.08691659353939,9.66835265037645,10.7857016027569,6.42345366378497,7.88739706493743,12.562850235668,9.9496937812056,9.54571662022746,11.6419223552016,7.06903604131142,12.0569078746265,8.32833072009026,15.7162148392225,10.7949301106203,10.6433179458254,10.3752177002222,13.7152455477877,13.9431752786001,11.6533746422084,10.8055865045495,9.43969930912524,7.79391927370815,10.5414904987287,10.5417116804604,12.0690642852271,13.2326714946906,10.2948008592281,10.6181298566289
"TCGA-AZ-5403",12.5000031793173,9.71099651328018,10.6356583823047,8.94256602500467,9.41561142848436,12.498014782854,6.48972871346943,7.99017593645236,11.6268528430311,11.1815916896905,8.61715611076442,11.1124648845543,11.6566124545363,8.80268214039759,10.8159766251354,8.11223098818859,7.82158683773198,11.7612441217615,6.39129251837901,14.3446298153004,9.0118507858006,5.58890368387929,7.2273004118711,8.63961884064451,12.0152196278704,5.98930654127148,7.58598818433506,8.78833941674732,11.290788336326,12.3277362295572,13.3338021499759,6.34539612610866,12.3181656581364,6.91024570076898,12.7583450702558,7.58140144871157,6.42050617539519,6.53343940256654,9.74374358381127,11.1672339364687,10.0528674774634,5.41157991510738,7.17144949139956,5.57485453581514,8.22055478834718,8.04890636510869,10.2561884812649,9.76400567677042,11.4783918791139,11.4821010302769
"TCGA-DM-A28E",7.80915314766845,4.76630752218251,4.83020003385224,7.42591843752128,5.4816923320688,8.18782322516958,7.94138159193756,4.35665658546475,10.1378536136642,8.2135950384369,6.91759983238007,8.80145422794333,6.65774286607971,6.22833234780501,10.9181104570343,4.80026060333095,5.30478715321251,10.2115848070601,4.41044186389068,8.30719779826533,6.94792833845815,4.64925498796471,5.50900523404393,8.05954470557902,9.45443472412075,4.04965142681946,5.01235406253295,6.89989144825619,4.86946941649824,3.8206460786371,9.50936425806902,4.34701659096636,12.7656792836191,7.20624884576699,11.7484607413269,8.1295137940406,6.05387418239339,7.00441745468973,10.3339046091703,11.0942635181118,7.73129965900488,6.12000563945553,8.83272935916979,5.53163515778994,7.06392468635068,6.38423073280887,13.6583163299967,12.8600351589472,8.28182237693415,8.95397809029906
"TCGA-AZ-6605",13.024333784945,13.6486843638727,11.9977597058909,7.84482466309324,9.61120119965698,12.8804118353756,8.37812306551686,8.34109136662636,13.6823759648531,11.1830740142854,8.85219908172437,14.3466241896613,9.87940521413487,9.0844038428364,12.4325087583132,8.3640774702981,7.73276654583783,12.7678616901159,7.02973719065908,16.3301576616345,9.65858051912205,7.04504590650915,7.00124318649096,10.006684373573,10.6757307134444,5.74170650404774,7.99296205564275,6.76812109466922,10.5182878552854,11.9175218120748,14.2923695756567,8.43827790304963,14.689523759792,8.47362500466223,17.7120497622797,11.8922106487977,11.4335942428764,15.2986323580483,15.4529795875293,16.5945899291134,15.2953772933761,10.4884042067516,8.8764168240308,10.9576885362808,14.0423807228118,12.5465329641624,12.8554933894125,11.2606521685975,11.2309817919964,14.270556252044
"TCGA-CM-6163",13.3603976811366,12.3557253219791,11.4776963987962,8.0579042340676,8.94692558533987,14.1755032736188,7.7338185645406,7.23362723593212,6.19927998845312,10.9797883747019,7.53120003842872,14.6650858576454,11.9235488175455,6.38266430212686,10.0205295282701,7.68872326348761,5.99703126391651,10.4552639719296,8.14161732286768,15.421222064113,13.3691791663375,7.5082881904657,8.0009733042416,8.12165797659623,9.6904551137537,6.82193102148251,8.17862109518295,4.20574923707579,13.2810427344013,12.8257270585912,10.0880981200501,8.52037178087648,14.8762663658495,9.72736569622794,15.9688452601698,11.6224344442181,11.6262273234435,11.9242808350275,15.2416150808684,16.5034272197274,14.3321970185578,10.8886957523749,8.39496012850559,9.69077746010771,11.8192127260798,10.9826682618713,11.8847598735674,11.1672378227744,10.4951802428359,14.3520393846169
"TCGA-A6-6780",9.52133397534447,9.93152501997631,4.72894396076885,7.25802490616912,6.41022346706792,8.6477957960863,7.00558068278701,9.54848220550409,5.91488339883763,12.6692980343522,8.69181352267024,10.8896468239777,7.65809518170966,3.43967342694788,6.16995296361321,7.89418662106186,11.7831826943214,7.72396969251738,8.18816886610636,18.2582834406757,6.38590105580878,6.19475697017787,3.95088254638894,13.021394609775,11.7595168196373,7.25339068672249,8.57582036732492,4.30284236013675,6.45949350990767,8.94615369056896,9.9007157889879,3.80930795044552,11.365105916397,7.9731108971419,13.4937840228118,10.1165669116536,7.9343026107178,8.65910155718987,7.20521271222066,9.07583547096966,9.06336895604924,9.57324572637399,7.90125419142971,6.29166746952822,9.85804697267472,9.25862499800331,12.9971792283958,15.6510288670962,14.6257095172911,13.2401111441477
"TCGA-D5-6538",7.5603757472106,5.28783472426659,5.03155963170491,6.52909749287946,8.29735198858563,9.00529106048344,9.65994228974852,5.15084058863403,4.11675964499348,7.92792295269199,7.03797838779981,6.29162616276479,6.05141623549622,5.75776114526791,8.45030142493716,4.77480882216723,6.24751093988489,6.8069261187617,4.20684949132741,7.27876939371505,4.93440937365942,8.09048131960492,4.88645222664875,4.9589331890836,6.92011356262669,3.96673592778506,5.20857134913905,3.43808072493629,5.52309830130005,5.73903009573708,6.67410908330066,6.36514945615572,13.1806278313365,8.94726348591024,9.51177651161062,4.37001447838351,4.56375855288422,5.99517614533628,6.60760910618609,8.2756018910458,6.86252202159057,4.50790057025674,8.23217498970857,4.34276456559921,5.16239753165757,5.94256733437113,12.4988045063759,11.7692610641536,7.9380144177292,12.7016142020423
"TCGA-NH-A50U",10.3812188367845,3.67414505097941,8.82959563789353,4.99106078100414,10.3822651970412,8.98907809223909,9.66207313479625,6.17344403255214,7.37829114620155,9.05538858376303,7.94342465484399,6.02876524614972,6.83885320661693,10.2489562925335,12.7412122010889,5.31692860141346,5.89184352192559,6.85259254578616,4.54690100386356,17.0616540336329,5.01511935991835,5.48623135860005,4.20746498808505,6.71474474860546,8.06506453775051,4.12813370771688,5.37962587692596,5.80074438352907,4.76813262738957,4.21462571961997,6.92364641900638,4.50806012944275,13.1338617789631,8.25355528170227,9.68537430370953,5.57214880043978,4.93494599835211,5.59551861766172,7.91820703093608,8.14025631293065,6.40842788890802,5.2134665713164,9.42701036872099,4.05435923616351,6.67190923453532,4.71079998162938,14.180858160129,12.8467226396677,8.19372890841927,10.5280539146269
"TCGA-D5-6535",13.5557887614317,8.84173223714885,9.52011199569263,7.18836132133437,11.2985510786933,12.8516706673307,7.64340012329566,7.22247199366445,4.53768532417415,10.329912944232,9.37980254854907,11.6909269971853,11.0250640226341,11.9431464797759,15.3588897947408,6.87899537084726,7.77855129300953,8.36395663230735,6.8893146680884,18.4095613542887,5.49301212435297,6.22592951673736,7.21478153873952,9.45279453440347,10.2823884978469,5.8253873204015,7.10584643853603,3.81468908985104,6.74546729600424,6.29174184208809,8.89489920923612,5.4756856271407,11.4099100268931,9.98915454764609,16.1768539723678,11.8577613002937,10.9844746001457,11.2200060206314,12.465254399074,14.4954313801125,12.3289928565959,10.7540120741281,9.12675513120276,9.3126476211879,12.1309511156108,12.8534690835372,13.9711852612131,12.8867935680019,11.5143989606606,13.9163009296129
"TCGA-5M-AATE",9.22110960960816,11.4268657052286,4.50276704582885,7.51006941477022,7.71873577729565,11.8069803013786,9.66622753314658,4.78106716257589,11.6895922197093,9.55600886428742,7.10263620627571,12.086553954721,6.06590487312783,7.15424643725712,9.79459339947214,5.30596253889461,5.74591219615152,7.06320821017815,5.02195900889342,14.5353090893661,6.24391521588515,8.07004144982085,5.83591029628245,6.25501632323335,8.29965240207961,4.54333221726714,5.36805924209574,6.25148804769687,5.29819133637966,9.11663258372303,7.25574302439199,6.12972746790287,11.7398326922436,10.1511734672189,14.1842789818505,9.16076273983018,9.14961405993878,10.5987325288838,14.1214788907157,13.6801527268323,11.7723499690375,8.99965067511117,8.96584563140426,8.34293330887482,9.58544692722661,9.88077638671074,13.8298428965805,12.4943685433947,8.71719440959666,11.731419882002
"TCGA-CM-6677",12.2951489251326,10.0819906771401,5.79862914750474,6.60589930058705,8.2447037173747,12.700395315525,8.4461669011346,6.57506257559385,10.5258170032839,10.3190098170173,8.08225819694684,12.8353255947407,6.221184082125,8.83435802122696,11.5323544398712,6.80947800865166,4.89529157811439,9.98920611618395,5.48593439097283,16.7660760660108,7.62042738935094,5.86137534072711,6.21041177305027,9.83216026256333,9.48988932925026,5.57685535547251,7.06740947864728,6.22479223031186,5.47417195435385,7.59763679009575,10.1757871007547,6.85279687014262,13.6385375204454,7.58870917775716,17.0044619795682,12.8494242742879,11.2722485687697,13.1358693213396,13.4526362110145,14.8593375662874,14.2027698328886,12.1989737927825,8.44355716479689,9.72323372643831,13.0497708017674,11.4461903943415,12.8229695464874,12.8625095701441,9.94388208533832,12.4403394255047
"TCGA-5M-AATA",9.75755058690138,10.0510339515797,4.71767121963689,10.09049850364,8.78354852327553,7.24724059478137,8.39887295567734,5.27044858429695,4.80270988116865,10.3034345296001,8.76996711691692,10.748053214867,7.91286920700116,7.8748884715723,10.9421267105435,6.34992764393282,7.30077176823208,10.4863088838971,5.90428600979872,13.1964446238366,7.35452393766936,5.59054203517049,8.02146285184811,8.30815048301719,11.1814148761695,5.93532007964514,6.64626566410182,3.52476950395693,4.85786412681197,6.8104177717356,10.2166184977578,5.78877470994271,9.29828770424812,8.48584358244408,13.9412119353837,9.39554898015288,8.87307509900867,10.1705588033712,13.0217312602883,13.1745159751596,10.2571354316481,7.98164955655966,9.29857053665174,7.10432922152803,9.44217504427991,10.4416425170777,12.9623586422712,11.6829949347402,9.02761009783566,11.13012192841
"TCGA-CK-6746",5.39243773041135,6.51654842538261,4.15361485162501,12.8674066170792,5.54418840751447,6.14175296093937,8.57721641962875,5.35338774380349,11.0260011582004,10.8705079591819,7.60916529334829,7.32863452483963,4.12649451385517,4.05239327688231,5.44946584881874,5.61825634251622,4.1309381065156,5.26389326334215,6.09123288204438,9.71152433718208,4.97495053831073,6.00809772396714,3.50493022585361,11.3926442712192,7.91278142514466,5.87996984349457,7.70924524980279,5.62751604936875,3.80869022211208,5.65151265942764,7.41804505093164,4.4056339689603,7.8230325026925,10.6376229471315,10.5343500714078,6.70620918116313,6.72732984730024,6.37188573298741,8.07502919508591,10.2036146924008,8.5364411272323,5.94045939915199,7.95108304088837,5.93340291700472,6.98174093806541,6.51088297203978,13.8894151830388,11.0299397260324,12.662908654252,7.24008133497641
"TCGA-CM-5348",6.33953468900037,5.86825807465877,6.65598907201119,12.2405550825019,8.46374608899506,13.0899336535879,8.45256359253147,9.75693143424705,9.9887472058413,11.3375570092626,7.92253092536421,8.48184989922598,8.75896203767841,5.78924997526057,10.2597881806618,7.36561735774755,10.4285978709276,9.8490802473077,6.75543807788479,8.86777431227259,9.28397731810472,7.800636801682,6.93736775402557,8.13409153705151,11.2333822576542,6.52510839902044,7.69931292763952,7.85127010138519,4.13145676746629,8.9466841943362,10.7260528101801,5.21631543655527,10.1912852580418,8.40960064572516,11.9900522282095,7.47202615732036,7.43752550897785,7.05699559157309,9.77712249384679,11.1125598774456,7.64285053286802,6.86034572829664,8.61317613031808,6.88728179460702,7.76972282632573,7.18375267682819,13.340798942118,11.6803640473592,11.5875928997135,10.5764251822569
"TCGA-F4-6806",11.6611394844348,13.782322483425,6.4689004418058,8.88958564175242,8.49650021864305,10.3866256450879,8.25305265120492,5.89316196076797,11.4525272647266,9.40938869297232,9.87384755507501,13.7258403992528,11.8970518633153,12.4123047998632,14.9112137479449,6.39992044514231,7.28070034483249,11.918816146035,5.82366310880677,17.4610363417256,8.51864784387867,7.10570752186297,6.39503092309159,7.80669097466325,11.7988084197469,5.16933208484759,6.2578069936167,8.59551402844617,6.36555519764821,11.4353667509086,12.4192794847916,8.47211833726442,13.9454140964148,9.86953110125502,16.2032581835536,10.2112519632818,10.5147090606281,12.6940302292919,14.9722905336288,16.7138687510734,12.8188296101179,9.782685833451,8.79529105008088,9.58303067744738,11.9377383812354,10.1520044893101,13.6195678195339,12.2170505515756,9.10922041250478,14.7161853197686
"TCGA-D5-6924",6.80850513634313,9.61443403236223,4.47728258286501,8.78639387045517,10.8409540433355,8.57622304071924,8.26448812124967,8.19863105442626,5.54558824726326,10.9354291681934,9.12455334416402,12.7122106966747,4.97974900079126,6.68633362548921,9.01565544719127,8.33277749651869,7.32927945705772,9.65904456314144,7.71009111124054,12.3227976895562,9.37670629286705,7.81041608166854,5.55101582571931,10.4037836740585,10.5150078247585,6.97106431663291,8.58513012082477,3.43808072493629,7.11540495449183,6.81378640206935,11.842665815635,5.5673786068912,7.73182968078943,8.4163678741763,17.8126655883689,12.9873212278843,12.292947833834,13.7072351718481,14.429983921835,16.1265252018772,13.3658182301567,11.6746252850548,8.88733120807561,10.1129641038303,13.293141109463,13.2343458281833,12.264778920735,11.7602537618549,9.64368085432367,9.90709258732147
"TCGA-A6-6142",10.7526471542856,3.9950940772186,4.01606101937671,10.7316462723641,10.0723006012584,11.002278811999,7.37358608196596,8.81311745450052,5.40793957514434,10.9838289091687,11.8778338109502,7.75266226751097,7.04487210018784,3.85918159741705,4.93595424571699,8.48629809813617,6.7336354473639,12.569254274495,6.42495249219367,6.97316737659593,10.4616198712324,4.3999941227859,6.18818185706374,8.74690344867844,14.1205359991864,7.8006570122695,8.53132417523033,4.49637123445236,3.8673154077478,4.43633203188757,12.3701584674401,3.67179196497411,10.8495829253545,6.96566826165947,11.7471715106465,7.57701356378422,7.77558582771814,8.1823245193834,7.57596746786712,11.2504945977643,10.2075289337761,6.31898917763612,7.31833289301705,6.35966661809017,7.70640691637045,6.9449578412215,12.6295430055899,10.7102052905535,9.39512806564755,7.22155986925255
"TCGA-CM-4743",14.0798780331831,7.84392410485639,9.01073440967868,10.4990267672685,7.72195186922528,8.89214361042444,7.66203514637601,5.3710696720798,8.42304458001631,10.2393135751649,7.49034899630616,9.92618004737495,6.69895114580732,10.5493654297003,12.6954155224225,8.10252288334133,7.80712451465767,7.30611738067923,6.88580534872607,17.4205635688903,5.49769760479954,5.25651525860226,5.59228572115228,13.1088835104168,11.4984796464453,5.64629625782672,7.2931692729788,5.73140492387521,6.45735595332481,7.04350205746493,8.89865537980057,5.15719436874401,11.8817745774184,9.32978615517811,14.6377245075918,9.01584852706126,6.05394314519207,8.12005918523463,8.04433329689706,10.1586802052932,9.70575232196811,6.15919190306868,9.15130041874048,4.69884161359075,11.4042677808478,8.53273895794618,13.300825894084,11.6294577705674,7.85250476646181,13.9880575458716
"TCGA-DM-A1DB",5.10383020795109,4.24868564678655,4.16583589742126,5.8185491376279,8.8900057676335,6.94587035186836,9.28951262458212,4.89755931633378,5.75856456251573,8.72064370910356,6.58548271194844,9.52674384220438,4.25702808961531,4.64262291712687,6.06336160191284,5.82183044677163,8.88681792303209,4.31780518976627,4.41326969141962,14.674915633523,4.93145904462481,10.4724436169424,3.91136820295996,9.72561947219028,7.34431386323105,4.08570055953043,5.65483080577385,3.93247403406875,6.77399403638032,4.77821525987788,7.20524557832272,3.91191509738442,5.65213102288133,11.0133825628564,12.7526376439788,7.89539788513885,6.11225113775297,7.94851127314239,11.0053063009053,12.0301506056972,8.63899746448077,7.45847773441351,8.9403434504502,7.92814961363854,8.16060016021407,8.35857609390525,13.7570369649433,12.0460142968464,8.95712175552338,7.63858991235627
"TCGA-A6-5657",4.78003321832941,4.53677688318557,3.4758737816505,10.876561478302,6.9448949141922,4.33906172799843,6.85454500021515,5.38491780471196,3.61857092714786,10.1627901640377,7.41134411454675,10.844501745976,4.83519260882323,5.30120489606025,8.61502600255931,5.98831183563533,5.65898290072509,9.39081528830812,5.19772960821452,10.6507199716109,6.90226924112504,6.65071248743196,7.49241749821493,9.85851485488486,10.3211255197124,5.01036270721697,6.83126632976357,3.49857617562542,3.68591877660388,5.79426519013792,10.0985890898909,3.54255868507003,9.50975338706968,8.24245461952262,15.3442203109763,10.0616566442941,10.4464241583967,9.73210056268589,11.742231419145,12.7244353840241,12.3564082677133,8.94045350821071,8.11200296988999,7.77617367486686,11.1868020146096,11.217446782719,11.3462139969038,10.6035317794907,9.472795706113,8.13882338493291
"TCGA-A6-2685",11.8143448661758,15.0564052060622,8.60804963183552,8.14157974584759,9.38048587242157,12.0707658281475,8.66041502501589,8.44315011687357,7.55739486226946,11.4516724803831,7.94862434281841,13.6678122232267,9.68747571008171,7.17343067791466,9.28627414545001,7.81749243409581,5.55066938074421,7.30005876505679,7.3554885816871,16.0720980091781,3.66050118147072,6.70610404070556,6.34864348486744,7.38577611149932,10.305475732086,5.97621750176802,8.84896837424642,5.50463119939578,11.9603747517325,13.2710156170461,7.58205655703722,8.71075603684008,15.4830834910733,8.99156867487267,16.4167249388687,11.600660963285,11.4821410379523,11.0629382714995,15.7326895822171,15.7038330956741,12.0855304813428,10.2053849760175,9.09324748768432,9.40924288222378,10.4381127903793,12.2160396452457,12.5536396818978,13.3132283897248,9.41349970237469,14.8797472991781
"TCGA-DM-A282",10.2300574375238,9.12414232009779,4.4620605075698,5.74792584617382,9.58995668894672,10.4293149058433,8.6116241805893,4.33653094698363,4.38164617374334,7.86529451397646,6.59460058296479,6.98955762643001,11.0075924634428,4.67523050867895,6.70477041968492,4.65546439433737,5.06379401449744,6.5709243001991,4.13769013253988,14.9450366083633,4.51169141526617,9.2896373552732,5.12704535880554,7.82830615084598,9.33159302390728,4.29048517459194,5.10521453122585,4.0004375528546,8.27234111129646,7.17892352273173,7.22174766280354,6.6077051364088,12.9921449307539,7.81722369897587,9.60159682022684,5.21287733607562,5.53189949846908,5.17669711567835,7.80263744894126,8.74360208105167,6.85489840140718,4.88827376077022,9.35661110889604,4.34763985596035,6.566663730177,5.15423155907506,13.714749362983,12.904786949066,7.9608949833823,12.682040813491
"TCGA-F4-6805",12.3083333581293,13.183069169383,10.3624643552837,9.76365822520969,7.7780652349274,11.9458090327296,7.01481836277087,8.31547728828245,12.7917783213468,11.112645368526,9.56566538673362,12.9452889344018,9.64074732550385,8.89947565020984,12.4254859064083,7.991004705159,6.60470155131787,11.4989821455733,7.23788894343409,16.6113895788864,6.57435650215468,6.1782915936905,5.74945987276287,9.91403248609883,12.45088943477,6.30786304325976,8.20422907807743,7.61293992984804,10.4800940680336,11.856632073341,13.2415637560285,8.5991562214712,14.5143585742356,7.9252629874749,14.9840051718233,10.3317321574318,9.05182193388569,9.79063759361131,14.1604601486227,14.1195780139218,12.867654125013,9.38244464643162,7.63193875837362,8.71214848151498,10.4827904723235,10.1097989931964,11.7106799263299,11.0976920763665,12.3573483692597,13.6081003043854
"TCGA-AD-A5EK",6.66993554421515,6.14225534077859,5.03314878078413,10.5645420595125,6.16130823781935,6.09682533082157,9.30132005022693,5.10334443005724,5.4747673872482,8.76645146832081,6.44647422646624,5.56048276698838,4.75083314930224,4.01308392109856,5.88638838075519,5.08068777261796,5.9149213766529,7.94956671695738,4.66516558080093,13.7787710459702,6.41309397208215,9.0507166972674,4.96363367685834,7.41840318243336,9.08141531403926,4.68722746391232,5.71735015728096,4.12467670883609,4.74035014912827,5.05440031344614,7.66762094242909,3.98844394567406,13.7268308608027,9.59372640231066,8.26986554773863,4.70835656552894,4.02977339625531,4.19723724462917,5.64085353656418,6.11939134839944,5.83843466531911,4.29226659166855,9.07633496731457,4.32883937028956,4.49001772091976,5.47347734019664,13.0832027221073,11.3680395237327,8.21011023958325,8.85546009559549
"TCGA-A6-5656",12.2749483073003,4.92437086458116,4.72213379844259,8.29274450365759,11.530152279524,15.059950050194,8.71903543264395,6.62670234934078,10.0848481486347,8.82284498609355,7.67468625411617,6.8250413158004,9.88487937333866,4.74216966609812,7.37968370893848,6.0970101396668,9.86226629559034,9.94702202047473,5.35162896690648,15.3683429132621,7.51809712371481,8.23273088900635,5.8960512086314,7.67269663459084,10.0935141733929,5.09940773160773,6.00183264030629,8.25757637499042,5.09262699647252,3.63616409439176,10.0152012623494,4.753109434726,8.54093097072129,7.65891609910512,9.81280625929073,6.55757753849703,5.35125694186247,5.42297426458712,6.4321621423502,7.15322967808483,6.68013349100054,5.69573260379381,8.71131763387796,4.39436230728189,6.53365489128692,6.00483137898755,14.6360099095735,16.3573435171086,9.99932990875038,10.4281879297428
"TCGA-CM-6165",11.079751094528,9.21730904983996,4.3789615178061,8.09695445727408,5.64764313964667,13.267179762337,6.96056748043642,6.28547582455641,5.03529354892481,10.3881594388485,7.84474041013262,12.2288444884334,11.5459677028499,5.70581309798141,9.48042687422326,6.79687065188848,9.65782710742599,9.89908720951218,6.01787012959018,15.6412366483797,8.54953651692249,6.61735476234795,4.90536064551732,9.5981768788457,9.30549472225174,5.39445381163001,7.67704473711527,4.07201575877753,7.423821119601,10.3532720880601,10.0631443500554,7.71781121813273,14.5604663670419,7.51518105781274,14.2627302050338,9.63090968502724,6.30010212487097,9.78991812960235,11.3790836570615,11.7081469115565,15.0040052029911,8.05995558175816,8.63573970835435,8.62086878271483,10.3514610825761,8.41591755229345,11.7679029167527,11.8381588675926,9.85508604312088,13.9649717488531
"TCGA-D5-6533",12.6170406233663,4.74279980766166,4.27402056621413,8.89112286379457,8.51369592851636,14.1047512062327,8.61857866432198,7.10612572864836,4.8883293064931,9.7748035341547,9.90302310476055,11.0457260348258,9.07844286439476,9.33270499767507,12.1997626929207,7.88575295508564,7.13402594470089,10.1016344840004,5.99978226278168,17.3535281663082,8.99681687821558,5.53807056353505,7.1523855472464,9.49988489190414,10.7404659349999,5.69531779175361,6.98691881453926,3.96496273790865,7.26580931498789,4.12854304715557,11.1755781994543,3.41974714341941,5.1310657300391,8.67258273881908,15.5751267318965,10.3557693168148,9.56744224508261,11.3425156213907,12.311681743563,14.5785910318467,11.3389389909495,10.5029035926983,8.31206706135662,9.08820681225738,11.3933638349849,10.8195961915599,13.7052043666196,12.3787329380499,10.9427274890016,8.61263264532597
"TCGA-DM-A28C",8.30293965420813,10.5961016619549,5.80207113960869,5.54739244488384,7.12093053606833,6.31151178321033,8.59495832285481,4.45262578446861,9.90287265107608,7.95741103193724,6.60046726539324,10.501001794703,4.91693003193098,5.74967643526135,10.4462607535367,4.85449392664749,4.19021326271034,6.23439047360776,4.15029216227701,17.937331539895,4.36175704321228,6.5026358675903,4.63541140245241,5.90875002890908,6.20950674227082,4.19893964279436,5.30607063789212,6.17301595288449,6.22789760313909,6.43709208506822,6.20807947830865,6.11932202015949,9.99450947204977,8.2184008623634,12.829103247041,6.92609314432196,6.52289080420161,7.61367829121561,11.9573660561319,12.5181949692213,9.26317810869985,6.01084027926463,8.84900242696187,5.20928153954732,7.72104930030353,6.63940001961905,12.0333864251082,12.5210425851778,6.45164964368334,11.5888815982244
"TCGA-DM-A28G",13.101292971351,15.0218177261698,8.15155238649889,5.22423999624655,9.9731317885638,11.9120818123905,8.79653086258307,4.23540481440192,9.73295542387,8.56929168165249,7.90194392647284,13.8322774113282,13.1051493425958,9.46641253622967,12.3335295627512,4.46990954267873,5.2786784564939,5.87818982152017,4.14346616773467,17.1414499933781,4.72535217441655,5.82873255986762,5.90314321630601,6.72609986779233,8.11212127867018,4.04363511691704,5.31509476508705,4.80055271051391,12.0602867440883,10.2024770692608,8.42527241724782,9.64706740995607,14.3451603789393,8.87683491137945,15.73062446825,10.4365914504184,9.72884775366796,9.40315051994366,13.3693225490098,15.9058225850373,13.7665534463869,9.35670947808759,10.1496860034647,8.73515666509058,11.1659849487717,10.614873622818,13.7373046956174,12.741563060069,8.27745900827504,15.4576731322225
"TCGA-AD-6888",13.332665749816,8.44871146850277,12.4612460197995,6.78109315690241,9.03360044982664,12.8564991982205,7.56387504097977,4.24338234824981,9.0185784888567,7.31158975951693,7.35451301228477,10.5492034880289,7.94924471427867,10.6248012769591,13.4823583952299,6.35825527316199,9.37957545614301,11.0416846587843,3.41512691606875,17.61170718953,6.41089503649197,5.39340753444846,7.3844188962502,6.76001763161895,9.7272766976691,3.88797970858115,5.08114073645126,6.36266603300893,9.98036865133986,7.19326845801854,10.3013808649277,6.89975091220531,12.3551900962575,8.98368781368738,12.6233597498563,7.46655232168149,6.44802165215867,7.40896219315402,12.2632667788803,13.1136377815484,8.54699857673547,7.29431977580341,8.22048925810541,6.56680206535748,7.68494785949165,8.51137018804243,13.0934351892973,10.5997968847763,7.96346328441214,13.1758284888684
"TCGA-G4-6310",7.05799951251498,5.89209576014278,4.43383818232054,8.27394053829778,8.34501822600934,10.0999335404155,7.78053983769186,4.95994612553853,6.17545412101696,8.73270067437454,4.26067598924567,6.032070558566,5.1880594490119,4.67711499172673,6.51334147635283,4.38006516586713,8.85281781554681,6.24412149942419,4.40457116879403,8.11824922863171,3.96334182350171,7.40510836584756,4.10833115165046,6.5713741931152,7.56083715447521,3.45207439212905,4.68111543324657,3.47596102506005,5.15299223042718,4.59950381410329,6.62333329437601,3.91545258166531,7.83101656662527,9.17453435317462,8.75122703826621,4.69492773054218,4.12725556335635,5.58571369457332,6.46391973001055,7.96271160485569,6.5794325924551,4.58822207036225,7.85053909389917,4.10074111495223,5.13205147588637,4.61111900106199,12.0258999957459,11.4101567957756,5.75228542152129,8.46348038703691
"TCGA-AD-6964",10.3110064217001,11.4034874148051,4.80900634458235,6.85757537993876,7.33262143329291,4.2242300665614,7.4757800644736,8.21865871451456,14.6672159698445,11.5812846498468,8.40407464074362,12.9319651600093,10.4921426866433,10.0763140415942,14.04223245912,8.29305413126789,4.8410132808012,7.6482893165947,8.8427074116019,16.4175081514693,5.39335954186747,6.97607327850045,4.01497248121306,10.8745991458572,10.0653267770823,6.31451618923753,8.64632179443819,10.4325682307896,9.09655625464666,11.2229640319903,9.46618364960685,9.14827531690132,13.5713895223979,9.6224214581393,17.2165651919614,12.3231184703752,12.7539262335055,14.3861365947168,15.856845011096,17.1711204001667,14.3846881163848,12.8219168193615,7.98980182785505,11.1610446798067,12.4124690259189,12.8616100415116,12.2772893678409,12.1940697060856,11.9733156231443,14.9628087934259
"TCGA-G4-6628",10.379456421797,11.1225607833107,9.51889626345048,8.68426866923172,5.70967024495023,10.480011324221,6.6126629861396,8.10549948284318,16.9190581241511,12.0151664893848,9.33119884183462,11.2099199012906,8.51857907491271,6.53931849775692,10.7597840387761,8.28498463491992,6.46607536882516,9.72616379196482,6.58144414623,15.0316108314619,6.92796476489235,5.63439612955484,4.51509893247751,12.053801735744,9.77330061155565,6.59619020028887,8.87445547524795,14.2940023215209,8.10125771874621,8.85873113882291,11.2566870053609,7.07485499088991,12.2721929319256,8.22212484331681,16.2828249917469,10.5545797324722,11.1631366304139,11.1110008784022,10.909675611377,13.093922237097,11.5982879276954,12.3549597047671,7.55662448464596,10.5501802926865,10.5514361157796,11.4388457171515,12.2600277452246,10.7853768292112,9.35142418645665,12.4173835118454
"TCGA-AA-3713",14.4602531019642,14.8516596634377,12.2028836286223,10.8241139873254,7.94314015277157,14.3747425675449,9.28301183787214,7.82311690017598,12.5678180445603,10.9803303357713,9.59514426793119,14.5350790215643,11.3464660702341,8.03415239174545,11.9452496090229,7.62265439608001,8.23461356387645,10.3341666049492,7.34775910243767,16.5364193547241,8.05601520206861,6.47278208496225,7.37993292313546,10.0637103511233,10.7412760695398,7.03369957188545,7.61661955720251,9.80174013170578,12.3006791727014,11.7857655547149,10.3858997860653,12.0281054478087,18.1171897734682,7.90816770118793,16.4362332660301,12.2517874495748,11.3764264952711,12.5775314062793,15.5651749921987,16.7642010405084,13.6542202979242,11.4349332812523,9.91363211720666,9.76670475948187,12.1055104066544,12.4378861805746,13.821089193167,11.9878812459099,11.4426313296244,15.6053309419856
"TCGA-CM-5863",12.2631336693118,16.1706356515953,8.87558120455417,8.91659787201546,8.40885527603313,10.8554268320353,7.12741471723116,7.30279704002834,15.9850455150875,10.6104596619046,8.92458854471817,12.6130692760105,10.0693357130564,9.66448603190848,12.7993629019832,8.75678757367613,8.6771402341181,11.5799284343109,6.54319440230314,15.5022279336087,9.61212029660714,6.28083935972719,7.05057159501066,8.1678879817879,11.2848076771086,6.7342573299036,8.46442650260494,14.494981923141,9.13569244771866,14.6834971682756,12.7692654796252,11.881169022575,17.1014231876168,7.98124779863643,15.3578501970463,9.22579967762687,9.6622743345343,10.4831833071168,14.7356994488782,14.5603698713131,12.3123876911783,8.87083132872104,7.86319758390679,8.85531579900498,11.2862927397654,11.1542627819085,12.0239688336015,10.9677837812124,10.5535176039493,17.3957693665662
"TCGA-AA-3511",13.0946045046427,9.56113319875851,10.3803191365838,8.76662851097102,9.16121200296818,13.7280373031508,7.449730994751,7.12295899962232,9.88283718177041,9.95480313392371,8.59049637945706,11.930827606808,10.7868110127063,6.9373514219779,10.9443646797801,7.04386181401885,6.79798980659074,10.3653447804481,6.3066458606545,15.9646404031952,7.88538615689306,5.94624801713151,7.07609499069708,7.73851437587496,10.0589992764719,5.58488414524881,7.40771199563827,7.33679589413688,13.0964982885481,10.3980709359146,10.7414042955392,9.11656384945988,16.0611807509212,7.64528681111204,14.0997033280898,9.31384033813263,9.3537440695699,10.1062529190995,12.8000292406296,14.1118262617774,12.1742078166509,9.32242316607991,8.40071173234325,8.04915797562639,9.67502590612332,9.05526913153821,12.9380430566524,11.8661803502401,9.75571785118177,14.4933008451354
"TCGA-NH-A5IV",9.41521807432479,12.9302203643345,5.58527232062978,7.08509426355152,8.26628938665243,4.25024916684951,8.86412213665113,7.1364726736294,4.24366981830006,10.9410306494368,7.21494189017426,11.4000366424759,11.1619503068632,5.48788888059567,8.68238624831856,6.98310975587597,3.9453979353081,5.69411578944575,6.08698770114109,15.9341390793906,4.94000590800426,8.44806642433626,3.93155636356341,9.05999353577129,8.76131759011713,5.79177005354156,8.12192489581811,3.83786935713001,8.65059788527654,8.68525795631794,6.60946403279939,7.37337553172705,16.1950565730562,9.16619675625564,15.4502419100729,10.4492106297566,10.5445690311403,10.7110034445936,13.2222871356812,14.7142477307853,12.3013134932041,10.7677552693918,9.19578464705961,7.91102221764525,11.5708472109325,10.784368633468,12.4242740341505,12.5880742009938,10.7365660771375,14.4220489541215
"TCGA-T9-A92H",12.4011313765399,10.1224187132598,8.64857136787436,7.03538029405555,10.2164949955772,11.861124047339,8.56402118157219,5.57266119277481,6.87414864903268,9.20365343162258,8.1198128803574,10.4457991039436,10.5733417946097,8.65757945644095,11.4294618525957,6.0150159961785,6.46853890823771,6.70766632275678,5.42107455832225,15.8658707501892,5.73352962188697,6.91849528517862,5.36019786055291,7.95992759611677,9.24398274603788,4.93442516453047,6.21604816006089,5.02449708170563,10.0342716958578,9.40977329698846,7.61484442421426,7.67587884490777,12.7421690443321,9.46218749818926,13.5537218591646,9.32951052937225,8.08717048430511,8.95463230281634,11.6244138022952,12.6853589442068,10.823792859465,8.60154461929752,8.9253106192257,6.71920634456289,9.32431561710644,9.25837297117853,13.6940234732766,12.5805538239846,8.43943197856732,12.7550142355508
"TCGA-DM-A28K",7.09999855217795,16.8185318563922,4.86181074882951,9.69203495289496,7.70486841193406,4.53605723476196,9.03531494286779,5.51702637058996,18.0630674413597,8.76146266747352,8.54592261661415,6.21405403037072,8.09389477185097,7.69469848954701,9.63891247290218,6.18499201448961,8.43479068741157,9.4755671371475,4.46771263805455,16.3718634958693,8.10365808861031,4.62179861447094,6.87705342848697,8.01264523229839,9.96506063832787,4.36788158723693,5.50669513562841,13.2766509363254,7.41986280581513,16.4654083705557,9.81225383701704,12.016656551595,18.4931738085645,10.691210778116,7.97750830841064,4.59001518562569,4.78304562956652,5.72486105309934,7.02457991369122,8.55674957970995,6.06315841060906,5.13362095260058,8.67531392003283,4.53427143963026,4.5739114094361,5.23800649976984,13.5513789133199,12.7433076761706,11.3758659490572,17.6046231357099
"TCGA-AY-A8YK",13.843523716621,10.9114439092583,11.7497303772618,7.69362869335893,10.8015598205498,13.1064542024406,8.65869058307828,5.46788703323228,10.5294766382655,9.2386156344833,8.08324835959657,13.1264809764054,8.83263084073625,10.7603046719659,13.935254912403,5.45350759304523,7.77062397458544,10.6516223348477,4.79124887126474,15.9632610652264,7.225680821661,9.241784359944,7.56679878493912,5.76033641146022,9.4822914778288,5.03255519105636,6.21266179724517,6.99827095541483,11.6209919260444,11.4658837725608,10.2565647011681,8.8688583738999,14.873203210111,7.16266491904262,14.9972352567587,9.75781104346785,9.92194176499564,10.8567015175847,15.0655159999936,14.9315337036371,12.0843319319307,9.46956380749171,9.16894416179853,8.18961769545806,11.1166987277762,11.2672254146047,13.4372773983884,12.6739392477495,8.86276616050177,14.1216351850328
"TCGA-AD-6965",9.63801523613463,5.55196690616087,4.39724185353125,5.25049053847354,9.44023931868984,8.50316154831429,9.33979659953006,5.28040877420824,8.51603509900455,8.80046428437663,6.26946177006325,9.59742883878525,6.88083207653447,5.39040564743813,7.18449437923531,5.28789531921879,5.89072893431631,5.51133999835147,4.07826120573137,9.25301662810233,4.50560436415026,7.59012125589486,4.99808849663962,6.49559773512095,6.712922826264,4.25230589584959,5.34410348162675,3.79621000996484,6.33195950720537,4.17952024144928,7.05958673505711,7.53855437049086,13.4307171926403,7.41488738545229,12.7932562760158,7.77120217417132,7.39340454018212,8.57040707265692,9.43528002223611,11.8914906144127,11.9571128710511,6.9027804802195,9.23249559126503,7.07863774212092,8.72242554154247,7.85767664471022,11.9894383084535,11.5844350030195,8.68537695738707,12.3954367585674
"TCGA-CM-6680",9.50538217137579,16.4061155841369,6.60364505681219,7.64089356999,8.89149191516487,8.32517435874459,8.92769984064738,6.86226620878436,9.75718680993101,10.2348847204551,10.491447897571,12.5429253694786,9.02071737779087,12.0460651279064,14.5688478470299,6.03893070572887,6.44707247425935,10.2438158939087,4.9266350823727,17.3531295961812,6.28547249398929,7.07957200680594,7.89621529903844,10.1963186454389,10.2382179140505,4.81695012903239,7.21814310871723,7.78942710431548,8.94556688171595,12.1471381908001,10.0543414177885,12.5410790017342,15.8831901095194,8.93584476243145,15.7002707780944,10.3676007388541,10.0944324445174,10.342878590226,13.9011450041962,15.3783420634534,13.7555785512585,10.3217729438057,9.311969558584,8.52867519183749,10.9982840138352,10.9645867016944,13.476555413175,11.6267489978125,11.4537990082961,17.4695328558739
"TCGA-F4-6570",5.92273429110274,3.28165518577085,4.48681749518979,7.09975869159758,7.21781163464593,4.71525617122772,8.05620915539381,8.8972009700398,6.69418699091482,11.3659663248309,8.54801808454079,9.90514787339571,3.39844119426271,4.39681249244222,5.8457979607923,7.51084476043515,6.37106724892177,5.42372376511004,7.01919787764871,16.7590514473962,5.38051028596016,5.87611276144354,4.68108604620409,10.3976005973927,9.72779978131923,6.02125670843534,7.62146962798246,4.30880340231382,3.95643001267166,4.5502635282991,10.752199786122,4.11010103849596,8.8435845239355,8.01733242680508,16.3711318259417,10.4614256742074,12.1186913544077,12.2862026695571,9.98981897323718,13.852904868826,11.3819492343092,10.6465623448335,8.07138257345418,8.10762122647759,12.3217654084757,11.1401948928961,12.6186241977048,10.7232524562931,13.5767210704907,15.7201685402401
"TCGA-CK-5912",10.4504845127911,3.758061485472,3.78772502404894,9.05849140331222,8.30282545324864,13.2680184599942,7.8073690811416,5.17099334317277,9.18650700425042,9.51647908981952,8.73140243529841,12.7608346999492,8.47489761965071,7.45868016125091,11.4757100217096,6.19544280851317,4.82266134960508,11.3594427452074,5.24110896341415,10.5250626896447,8.41874695026234,5.35520622180108,7.37610626690938,7.00676975058562,10.7045295435589,4.66273005208894,6.16611532026044,5.66155034811656,3.80869022211208,4.37180716583843,11.2732742617494,3.59595319070651,4.75746032246247,5.78797259510656,16.0049105475171,9.69638642123646,8.71452331066725,11.0963916303633,11.497342013036,13.4245583972783,11.3788708456688,11.7244820593615,8.04921405712918,7.36832454287732,9.79403120226633,11.0313282942217,11.1610311194101,11.0453233683396,9.6067764353668,9.12767525435297
"TCGA-A6-6654",9.07200442579726,10.6804770962051,5.73230202045892,8.55443371801908,7.75838680731748,9.04537825766876,6.332618274401,9.32623041493154,8.65524735358046,11.9948111073582,10.1514563974241,12.6685568604971,7.06835067472604,6.84310106858333,9.12767702674239,8.99489564496535,4.77290912410332,11.7927050364616,7.62721350962746,11.9199438700739,6.7619030390575,6.17451135532984,8.89397007326106,10.9217524953,12.0408813207199,7.27338447020013,9.43613850528287,6.10233261899329,8.33660973381939,8.98184010509025,14.0686453780531,5.58534437519174,11.6570439941702,8.18517458684502,15.924429906757,10.9380875139714,10.6574696290936,11.706776492895,12.4129572007337,15.9211431395184,11.6364688306965,9.71258318594431,7.58774494143858,8.74874008696676,11.5191776863753,9.60364968612601,12.1330476845361,10.3053633837054,13.9685860252755,11.4696379115606
"TCGA-CM-5860",12.1291194149954,9.07773502401641,10.6472089510441,10.1764766646214,5.90890242344922,11.1395289216105,6.59479959803777,7.57695463683478,12.7731663772458,11.3370076272647,8.55575351421959,13.2529223706577,6.45235525855528,9.43431299899011,11.5854127324168,6.50094568490725,9.66862061920724,11.4003702571712,5.89252954782745,14.3773479209119,8.9225023488338,5.57806574925735,7.63715371875668,11.1465670077516,12.5252449839313,5.48089486430504,7.21775620093954,12.1805223744017,7.85977656986875,7.35055043264839,13.5491760415763,5.29633412347863,9.78044612834823,8.14749454189909,14.4179595253343,11.130960932586,8.18309551627834,9.43878727394071,12.555787644697,13.2975554445239,12.1796314027435,9.09678299774291,6.84713278719651,7.89912377519016,10.7453494189977,9.29778445550246,10.7065664674216,9.26550176998901,12.7035661811185,9.90011295542967
"TCGA-CM-6162",10.005351921492,17.0105230651169,7.96722352201433,9.92942776689049,5.51095274181653,9.1332138946249,6.16128418866296,9.89099078524115,17.6506313624571,13.1235872725441,10.9034494543647,12.3226011515197,7.26622689206102,10.6278906054769,14.0690464699703,10.4694772225147,8.37938370385857,12.8481966007594,9.46950006692663,17.0772304452721,10.0225964771272,7.04677574715309,7.22945187590633,10.4546403550114,13.5467103995366,9.00500310577451,10.6132554349361,15.3057777714893,7.45121288396927,14.8737501280955,13.9562249997202,11.8838177860048,16.0331727859044,8.04562166101333,15.6329084193888,11.1809823555508,11.9804684093339,12.5196895347939,12.9175189000816,14.19203111069,12.1716427040892,11.3580625335373,7.06141506646385,9.68206413052328,11.7581238004355,10.5552117410006,11.2371697603526,10.4139230984075,11.7456467009786,16.3637161298336
"TCGA-A6-2681",11.4578305484662,11.2752689112281,6.82472254544458,8.35839718748059,7.64249352907275,10.3085196207329,6.97583329923266,7.45730913354485,9.05118000766485,10.268022037105,9.395471074866,10.3248086725221,9.21651936328394,10.0315021107214,11.8509734865376,6.98342330557879,7.1921728672061,10.1763118557922,6.66458631278576,16.9962144716499,6.82885986477935,5.03518597845572,6.14584560971184,8.73247817103534,10.6137088944106,5.5714227676549,8.52728576379154,5.02178223368106,10.5324048343633,10.761715701598,11.1452896755027,8.37638800838806,14.7446157170055,7.28869897673522,14.0336827151411,9.7191131762318,9.43171476633296,10.2605959836047,13.024852209106,13.5065541862128,10.9834762683055,8.25340363555439,7.53614261429602,6.77647139154763,8.86594691242591,9.89469953709226,10.1973490138752,11.5798845951683,9.66081784987152,13.8713109035208
"TCGA-DM-A1D7",12.785296543515,10.0597637554102,10.9982288216185,8.66304502582707,7.14579392431876,13.5917763258473,9.41616600244658,4.71809009811684,4.4558892912825,9.56676582766034,8.8049095642372,13.0581120970619,11.1315345542666,8.71526394989725,11.7867577587336,5.61537340520149,8.45115732149933,9.61093433903985,4.10498658375434,17.2963732090026,6.44552179264053,6.79324924025872,6.87416367470038,7.99429207943982,10.2991790062974,4.3177746829582,5.66637128576472,3.65139028804974,10.461578841645,11.2546959680357,9.14248152411894,6.95420826891513,14.2722495907611,9.13852659933662,15.3386561084474,9.12645552487387,8.56691376402914,11.8832416212188,14.0055503126029,15.1721128978281,10.28084721555,9.29143391402869,9.38124419959726,9.24235779831944,11.7717279858932,9.05503958192323,13.3897409243821,11.6249114650015,8.78502922110999,12.3559562134969
"TCGA-AZ-4323",11.5821567513783,8.15043843157495,6.55362777041226,8.18071262472466,8.91587050130472,10.3805704911644,8.11695485473305,5.75832684648524,12.6102984285022,11.864821825644,8.75653878753108,11.9855973250175,8.41878404846827,8.56905320245578,11.5770815752794,6.89619484397655,6.11848646003441,9.33433646075223,4.45306658266333,12.8582862999024,7.60970524105375,8.58832117322855,6.00524975836223,8.4331023037728,11.5309830441749,5.41755851083357,6.69729677110996,6.08747991748257,5.88490157479896,11.6565999043376,10.1421584032887,6.90875656702448,14.0894908660319,10.3609540754762,18.2689078014012,12.8528354995691,13.3838015864448,13.4771163530934,10.996166405913,12.7631022618014,14.0696465914321,11.9714068435219,9.53401842108484,11.46584326711,13.4376868581838,13.1002285600947,12.8607259866239,12.4596593987511,8.90573750619093,13.0098408940098
"TCGA-CM-4752",14.0425977089377,13.7977626366092,11.6973476472656,5.58635803111279,10.222778343391,13.4470468863869,8.54459289731978,6.67491675797579,11.0062331837131,10.8071146228331,6.37013138998156,12.8007122911892,11.2244642406084,8.51715853132403,11.262749353606,6.91952734686968,8.60525452267758,9.71964845638879,6.71655905804143,16.2277911354769,6.14415786753586,5.94738454290059,4.59949867872225,11.5077541015038,9.09693164944633,5.25400317704319,8.13309859495238,9.12409836529562,11.3530299435427,11.8078260438511,11.594422225455,7.56746551475797,13.7392461086895,7.20988006498917,16.3215440500405,11.0057126693489,10.4192184070774,10.6243169205002,13.8415334530594,14.5439001706677,11.6980095906362,9.1757131374582,8.50533370104885,8.24239773680084,10.4440409701394,11.7434757645197,12.2105088877478,13.1938190539084,8.64160338433744,13.6260752443321
"TCGA-A6-5659",6.13258867501293,5.05567686800562,6.59890189627794,7.40189730094236,7.81763849362854,7.35262760287261,7.21293562396489,4.6917265053513,5.86861705017324,8.72744519093879,8.07217508456233,8.96180672754316,7.1319190392703,3.43967342694788,4.90861227335488,4.83824209101455,5.33880411031439,5.78745462791555,4.75833601323218,12.6966313561432,5.60183936704331,11.0689915709444,3.23466983333932,7.86721592583744,7.56927202915112,4.05198797125387,5.71137933405777,4.74708686772233,3.92892175134458,3.27704181167677,6.03248455614268,3.25228379450494,7.01788557824473,11.1831902331359,10.2970280855691,4.04682091500697,5.00101769035621,6.13075723492502,5.10047102007957,7.92279276459756,5.07519854546235,5.48656870128338,10.6532354227833,3.18301043604906,5.40805117485757,4.95370371302413,18.4795671853826,20.149772787174,8.22197830357479,5.55283697464426
"TCGA-A6-5666",7.62360464966866,4.72160915334768,3.58058099867168,6.448783163411,7.35821444798819,5.8513857290414,7.80739939342718,6.97924635357256,9.35080946134955,9.76544226587753,7.65229822531353,7.98793448590362,4.46714015244423,4.59703844979474,8.03651976295194,7.79049997026182,5.0574548407159,5.50400011584386,6.52977320895954,10.5466544591676,8.82977108138702,6.16338808369883,5.23956856906266,7.60913592468543,12.6690603104079,5.94380306195088,7.59017336009348,5.58733974206197,4.5485497585825,4.23014377240633,6.97773161613966,3.80915555643665,6.04888027897681,8.88214870898008,10.6160628038484,6.4921842906169,7.05226755178528,6.99608450972078,8.19427013241494,10.2865961254913,10.4499515788376,7.37456909846233,7.74631762472643,5.66649102855985,6.71082163827489,7.44034790240101,11.2744292170623,9.98217314167448,6.85334857471346,8.01705107238415
"TCGA-AU-6004",10.7845963921967,5.39663405869334,9.57136746236993,9.172071137074,8.17888534566337,8.20047907914542,8.18192480329285,7.89215598508572,8.90867548986911,11.0893217217345,9.76793836512311,10.0710551321917,4.50056946361788,5.78568173737166,11.8105442408151,7.58743925832438,8.24509828115655,12.0939658660893,6.16808038870338,17.0566579573888,9.54169025751653,7.70228392106315,8.7225157555555,10.9283873621217,11.9326950799642,6.9342770333458,8.1241634388544,5.8140506500894,4.8371716665749,4.98328031771055,12.8118971565031,4.51763640129903,14.981685135627,8.43332727152912,14.3885565967114,9.69898891237165,9.10768639630547,10.1210122686491,10.1100480526954,12.4273399250549,13.4753376913493,8.95867201075853,8.86472680550669,8.60430551306386,10.0874898666271,9.5938162312063,13.8117699031409,12.1924271482779,12.3477641503513,15.1050957125429
"TCGA-DM-A28M",11.3741842743565,11.6451095617462,9.26587189238827,5.34440706053002,5.5363722227082,9.3932501573719,6.09649568615975,4.99573540887667,13.6170290161771,8.28615889038721,10.1183249379354,5.49845472551281,7.55709821041604,9.33261458558907,13.1900563203954,5.95651450831967,6.35363884055634,6.9477540457814,4.60094293890528,19.0119427954391,6.06067727307235,6.92262735543843,5.64115402313971,7.35135008471374,9.69282901203348,4.26693597956502,5.09517617714241,10.9267312342503,7.85064273287464,5.89213462761499,8.99279905414678,7.72015317027093,13.8245961226295,9.46116187793939,7.81357284548686,4.61199842863303,4.47434383445697,5.41535938851281,5.96422658002227,6.1466029449902,5.86109479698864,4.45079498955428,7.85817941077339,3.85520166931073,5.1153791625484,4.76607054583707,13.4707073516494,11.542106334011,7.16347764867506,15.4760145078734
"TCGA-A6-5660",8.36804553198813,6.47901288786825,3.68132478891099,6.38551899659063,9.40296329743455,10.1354137794675,7.63982743234679,6.8301625051802,7.26753879780064,10.1832508216917,7.51159677402034,9.52151707866578,9.1251817528323,6.58737068095044,10.0115301481935,6.47599139497634,7.33262154404365,6.43515717245716,6.27062045446037,8.04929148396118,7.03246306500532,5.81152490626675,4.5929749792551,6.69577073904125,10.4676365715532,5.42955650073922,7.54633546356798,4.93395913612584,4.91263356095778,6.14255892037778,7.25088933881368,4.22981319223226,9.32821600037619,7.13398339371413,13.4715887425242,7.32336545209531,5.85404141070123,7.30028028787546,10.1086545475269,10.6872253854776,7.76347082636916,6.19133100724767,8.22695733007978,6.88477937954418,8.39989419032799,7.03002242215569,12.3554451885268,10.0951982025774,9.67032903876685,8.82455862202549
"TCGA-AZ-6600",10.8954275371116,14.1657788426222,7.22820480674739,7.95281452868739,6.91607007982788,10.3076612316025,8.72471340663697,8.37874190738217,15.5383477920628,11.1615401870028,8.70946620862237,13.437027136574,9.14154446967894,8.42441936607923,12.1819090053562,7.01182748148461,7.70095558279045,8.9227939323384,5.85137096704627,16.2125373583737,8.62678624061304,6.15271163302649,6.12010764509519,7.88857348337299,9.97775988632154,5.92183811237602,8.28026405973564,12.7641413739208,8.45067145211939,11.3218936335911,11.374342725589,8.70007011407329,15.1360092265821,9.45717192959385,17.3758640008985,12.5988262591245,11.3480013530825,11.2994666687666,15.7474424505843,14.3460508749715,12.228890188386,10.9192890556059,7.91762487400237,9.64906052589279,12.249629386619,13.0269203085583,13.4387161042258,11.0431475807689,11.0906525469974,14.2595735232875
"TCGA-F4-6856",9.65395005886927,10.0945818499787,4.75909794133509,6.99102090517465,8.18159211230093,5.35876124652143,7.07754212534516,5.03285152837122,15.046758433477,9.16384546617332,9.71044238464736,11.4705101414158,7.27695435113943,5.73340962694025,7.24170345195012,6.92015522850483,5.85793194146641,8.00134290179032,4.62936808779972,16.4532501025783,6.08912390655104,4.93898533759712,5.55958833396625,9.35299855193684,10.20478989483,4.83168238110246,5.94510741793408,10.5837869398212,9.79747912662773,12.9301616570949,11.1476769468769,11.8999982112231,18.3125324677114,8.64325196693371,14.0071669533466,9.47608593333422,10.0775650309369,9.91715147886155,12.5718709550273,14.2502467912188,12.80936353279,9.32845056956589,7.12980495174713,7.39289837247642,9.75843910513657,9.72110558283618,12.0922701039529,10.2265491369105,8.24828424801742,16.4585335706214
"TCGA-D5-5539",11.9979336948568,15.8942107618921,9.69466727479056,9.27493797711818,5.43918952852106,11.5018307066297,7.3820034707194,8.00131995712015,10.0097832427941,10.7652180879381,9.26481976259784,13.3815589566909,8.6748573778026,7.22455782463169,10.6595647294103,7.52065262567978,6.42377636334049,8.86044887479547,7.69979988600293,17.1670114330598,12.8114573336676,6.01978114912491,8.78179292606764,8.17267789434869,11.6279191692194,6.79909696286166,8.05286637403714,7.5537581357451,10.9329315494995,13.9307311868957,9.74497759684269,11.3207888867059,17.3573134462849,8.45548508140486,14.9478061832364,10.7383379513218,9.40984522871654,9.89191164739488,14.3876463672118,15.1039164342549,12.3355053786151,9.32707442371568,8.63592373005257,9.35459060061008,11.1299384696169,10.0668520690004,12.6518647987654,11.6291285514902,10.1823145786287,16.2790457843011
"TCGA-A6-5661",12.3550408440396,13.2240667185598,9.60181044396304,10.1805002219037,8.51259202103315,10.7030103923153,5.86947927955294,8.37864703664462,10.5163494834522,10.3413493657543,11.7927839481695,13.6811456254845,8.99261655875557,8.48383536961903,12.6477165299806,5.99355587198798,9.01071236260015,9.45872178419508,8.3731074501888,16.6145911332953,8.40021750250824,8.62402518779404,7.33695918538264,8.36632236257335,11.8931327288319,8.53260698923959,8.72275451254526,5.67685768335836,7.37838398650253,8.9290263958964,10.5288671215319,7.83001342573204,18.3894214161875,12.3194568122823,16.9405293450227,10.2080566687717,10.9960895378633,11.8749558824625,14.1009114188663,15.4393307953544,10.8754061013749,8.92584649180093,13.4325177008807,7.30087272155714,10.8950695888161,10.4161832577958,18.440401206964,19.0701299665876,11.446059145706,12.0121292251555
"TCGA-AA-3663",11.1935172593908,12.6787721327621,5.15293748616251,9.24463875113645,8.00979317983654,6.77209106456229,7.94520919284741,7.72570576567989,15.505682097632,11.2204552782775,11.6468764185812,9.34998460040884,5.42185555791084,5.64061960410268,7.47388937362024,7.48817420302071,9.10734540511289,9.03802799289259,6.37046781325385,16.9434254040513,9.51195763657277,4.67818023711294,8.34078286160742,9.41966236421302,14.3859168614506,6.38231398445995,8.00614907399629,11.1059080599591,9.53057459131592,10.2385085513348,12.8926829846819,8.81824915295859,15.899205999599,7.97489602837894,11.2815780093935,7.8367483250343,6.0182709721376,6.88194090593075,8.08096041399033,9.89822487166275,7.54728210148378,5.72832614158014,7.98849164933385,5.21986519445324,6.85152935401915,7.19201516500502,12.2374752515548,9.94998980024464,12.6999635682085,14.4879326122847
"TCGA-A6-2684",8.34616498472437,6.91423969404971,5.34253905913915,6.54343340252522,7.8783809877081,6.39401996333048,7.66993065632276,7.3634172466285,9.34839006017167,10.2954081329758,8.31196188615682,11.4226019116998,6.08877639414787,7.88901988793257,9.15300682536307,6.51824297536397,4.14806855108666,9.30936512405044,5.94139139808634,16.5130132105408,6.06076601649649,5.09655054948921,6.4784202462991,9.64565258590221,9.72669217501619,5.43394943702993,8.39317847381068,5.46860946922832,5.88459959696292,6.39364310975836,9.82630893554971,5.46192438021195,10.6494825512143,9.03235171234237,15.4087282341782,10.1468187404053,10.6084799023298,11.1721569881056,14.1011199844625,15.0922254689267,11.5701715883193,10.2754090435908,8.66941998406181,9.39204370349723,9.47140790964771,11.6541880212938,11.152776562578,12.8666498558203,12.1167477941818,10.8711163546045
"TCGA-CK-4951",13.1485269174353,5.23504366649406,5.801422424036,8.2034990679689,5.82356019089392,6.51089315399119,7.33214128234106,8.35562602012004,12.0577408202646,11.0367672491405,10.2744120730946,9.75658571407336,10.2723473113881,4.36984999220854,6.77807687277118,9.48371512593469,7.14011287447545,12.3603876023167,9.17111058421736,17.5628420135316,9.36685047024524,6.85631489401902,7.11422913913968,11.3009082707982,11.8508468763858,6.65749059038176,8.42980998242775,8.92409047415897,3.80869022211208,7.52053180542335,13.7438570855478,5.3169870760821,16.8317236834448,8.04501759779685,14.5835217918136,9.54099046928624,8.00317291919989,9.37050835373711,9.85532437332937,11.3363173462323,13.049829528174,8.26167726026994,7.50211637049317,6.17434779179137,9.39159784873109,9.25249030886834,13.0137773082154,15.5115303062384,11.9120795278498,10.8967955730741
"TCGA-AA-3492",9.50459701784758,11.025789010571,6.41172709486925,7.42572959129955,6.07826754086908,9.25634679062798,7.60994860297795,7.25479674357503,11.6717452598602,10.3134332696773,10.2289676869116,10.3819221459577,6.49296406477432,7.79690175469571,8.61261478185905,6.92134915900242,10.2695218584089,9.70424589963115,6.60046530226549,18.4457827021546,6.97039372749938,6.58204930429478,7.13869032774439,10.5407445049271,11.3435680400044,5.94447352019699,8.62928319430731,8.42678947152428,5.82232882289861,8.18585680890812,10.8029298210103,5.48549149727847,13.3571973226325,8.05876392345244,14.6966472883199,9.56294136236349,9.73234964657908,9.12479938069647,11.2192798727419,12.3379728550807,10.6821145044936,8.83862903122686,8.04531815963148,7.15595251430803,9.53546781000252,11.7943033487798,10.278578453839,10.8260958430229,11.6004233221801,14.9663316355918
"TCGA-CK-6751",12.42199919723,12.892320673649,9.14912325692195,8.33733188161114,6.38769945390734,10.3772732883741,6.8062360198765,5.57297191618236,12.6757640031576,9.66801049798248,10.4061162431711,10.8567368483983,9.43221403374904,9.86261223488554,12.6695850589198,6.8965819523561,4.38814244793204,10.3360625652293,5.05435675786264,18.4883798446693,6.86340897779631,5.44606330963722,6.64259624185624,9.07745710867996,10.5367011131652,4.81482415812116,6.96159080370704,7.87915066476747,13.8350327892007,8.80481980994888,11.5399638048201,10.2583832483734,17.4062925875209,6.96579577895208,14.432345022672,9.67423241669058,8.66804639308777,9.53698715135741,12.0271728035144,13.0541089013918,11.0234808467185,9.65576553346855,7.36398701438829,8.27785529272656,9.90582434276796,9.61562824772056,12.7617759514225,11.0273868652194,9.83441693476167,16.7405106782966
"TCGA-DM-A1HB",11.2721988356478,4.6164834762959,6.10283385899502,10.608059788697,6.60991324106937,5.21934114653997,7.18880127008709,7.37637606122506,6.97503449657988,10.259522259983,11.6859488063146,8.60370562625922,4.3973710210444,10.9565848852374,12.9245856569023,8.18220946444647,6.54393204179482,12.80152456221,5.15099654983256,17.5246045385861,11.227642944828,4.73691735831627,7.37284829020497,6.53067340008445,12.7411680526515,5.39037466220392,6.1113944362916,4.25897079238829,4.41579704179279,6.1365394550894,13.8388826092659,6.46673268327354,16.8807277053236,7.6299320134897,12.5586936536988,7.41570853937926,7.4243973639477,9.04912552686416,7.60981108934703,10.0917869600691,11.0174303550646,6.72423106003357,7.63313152915559,4.70832948310706,7.11714762679729,6.61612506765047,13.3369786628552,10.6172571349129,11.004792668819,15.3981541104335
"TCGA-CM-6166",8.73281060770748,6.55846911347507,3.9981647039263,6.50220106798969,9.47599793284722,9.31900120016009,7.53775861997103,4.58909101616909,7.28204146539322,8.30218231662689,6.11825473833681,6.21557929571404,5.95314629059439,4.24950656459511,6.15863473167467,4.9654210250763,4.87579844581899,8.77129621798598,3.9806639884437,12.0645853311511,5.76019949293327,6.86542243027265,6.85586540977329,7.5928104212871,8.60576474322069,3.80592511243345,4.77593034092208,4.25212142584531,6.33266489507111,4.71639861170107,8.70577129675748,4.11298486541287,7.93796015528925,8.94966300953594,8.70062885141976,4.96017677292133,4.80510396458254,5.43994400281629,5.81737918963198,7.52131462076514,6.40611646254704,4.33089592340829,8.19190408382331,4.24133960712562,5.18868260128403,5.24441185004808,12.2892575945423,11.7330251071131,8.14150488787046,8.87974371965229
"TCGA-CM-6168",12.0145324364483,14.4593957450177,9.17922227642967,9.58510726702563,9.45670228873706,12.8072992917174,7.47388809248263,9.08108018636543,10.346424977968,11.7125912637966,9.61778967683884,13.4306336683083,9.36565043663935,6.1132715464941,9.00046271767033,7.68787677674677,5.90650298587848,9.19081224570503,8.80865705283188,15.3733573850839,7.10567508341902,7.1830959247587,7.99935332625286,9.90119466568918,12.36566394557,7.72275964817726,9.0896522461124,6.67650538307046,9.82343938631725,11.4311209420887,12.0582240908396,8.89119428848922,14.5055714451061,9.45010825902497,15.0139432527825,10.525325922013,9.79679380184386,10.2149295324019,15.3691031816847,14.2452548864012,10.9764069595614,10.3086217269737,8.30511324127927,8.97841592066858,10.9520246711314,10.4631049156508,13.1290544146221,11.5526142195772,12.0202193842747,13.7696482033239
"TCGA-NH-A8F8",8.92728565906082,3.67414505097941,4.0885237902958,6.82360992479602,9.98949072878195,8.43313528232747,9.51641079151855,7.4946780319589,8.00208983887439,9.51328174675442,7.59414719879032,8.34055553277375,3.81032385691699,4.05901801503934,6.83219635808594,6.0911410170549,8.08286721275412,7.64790995947119,5.49126368371242,6.70210703235836,5.27127984055121,5.96674157887374,4.49912919150363,8.94717876610193,9.77562558997092,5.03068461862637,6.8365337294331,4.60670624881621,4.50633607137403,4.56475643106101,9.19188976503226,3.48037227219002,10.2487746967777,9.57120161445267,14.5963473439785,9.54930781556258,9.92334255840477,8.34996173118557,10.277531709768,11.2266225717009,9.42242238920875,8.32871406256035,9.50829797307067,7.36452641381871,9.73260648607026,11.7191146952887,13.3403152851265,12.9109428259923,8.19789349837177,7.57519936838494
"TCGA-AZ-6606",12.4428949168818,9.14755509551493,8.67192096123075,9.08112020863111,7.86984861053772,12.7274411423747,7.56223965074396,4.55108489362614,13.9151666275459,8.49814165735373,10.3993561766185,10.1112943517961,7.94327788868301,12.1686934156556,14.6588913062374,7.55953998376141,9.55841687510615,9.57566602551145,4.1735357865953,13.860958938359,7.43880277871316,4.65079155193171,6.74760980689239,6.88619825476986,10.183451084311,3.79907506852789,4.85682765053352,10.4718686269485,5.76882152629688,7.70830153810575,9.47527066177092,6.09296477751204,12.0272201622429,8.20211798954069,12.4960205939023,8.33418512334228,7.76672460632648,8.09107216308579,11.4872744624957,12.4243008187987,10.6498721816952,7.45700696060137,9.34268698678139,6.69331021798652,7.72489712516446,7.9515605360211,12.9212394325279,11.6286401900386,9.14624512177962,12.7490181021719
"TCGA-G4-6315",14.9981035861018,12.192854906093,10.2773814069531,7.26719525301157,8.69369565992957,13.5245663565646,8.14193568773426,4.48393738314559,10.9796404018585,8.38983678474836,6.96583076979277,11.0188958211289,10.800573637973,10.3958940578382,13.6371041032983,5.55970692607137,8.0047836250079,8.64115283369127,4.34505813181026,16.706883177039,6.49490228781345,6.12494160307959,7.1293140403376,5.99573580455923,8.38869152159502,3.45207439212905,4.33653434026832,7.64236104921181,11.7051282118419,10.8791341787572,9.27180048159224,9.06766176153286,15.5069193557008,8.20470857243575,12.7983750103287,8.10349932649081,7.61927176383491,8.8361290983405,11.9413399155727,12.8433369484125,10.6856178408209,8.48884320126979,8.27308089972406,7.20385413085916,8.96106712909288,8.30572139026459,12.2359785422664,11.3840049180173,8.09762098395419,14.3725076245832
"TCGA-G4-6309",11.1631317572889,12.2443554035669,8.47542103378674,8.68804078111828,8.02187382714064,10.0947370796536,7.48873303789469,4.86704769135109,14.4724315698986,8.99546621320188,8.7125806228508,11.4472790374625,8.23362905688408,9.03003346099617,12.0210631049324,5.73686002210164,7.40697025197707,11.0253720484603,4.52531547922843,17.3997964533413,7.80623565374574,5.26704857466139,9.2818678865995,8.04598529430601,11.403931265963,4.14760353997552,5.95615731360637,9.13355044603046,6.01071322600558,11.0986357035389,13.2383446714327,6.45169599041097,14.3088047640486,9.36639718962144,14.1441731772284,9.6424949727999,8.86349425260664,9.69215880955714,13.1078905723359,13.4346502467598,10.5795409793012,8.27702428612324,7.84268684395156,8.06536314575578,10.0783975397886,9.53856006186676,13.2361069421149,10.7849577384535,11.0519267156414,12.9333404397126
"TCGA-AY-6196",7.37742778007314,4.14690085188918,5.49212312450924,9.09164380524351,10.239894678909,4.97794035827608,9.11412781706587,9.0316969140463,4.74752938902523,12.6727118169407,9.22019621262055,14.127931377781,4.49715747812702,5.53021911985852,7.02457672842181,8.5595366096315,4.70169354997397,4.80283177283488,6.48516860781642,8.07917596368903,4.69904759306457,8.36879623756662,4.14581855733034,10.7526885168147,9.0679086377393,6.75203401903892,10.1236354734053,3.99833809276216,3.99208792621182,11.7510221539922,7.0801121728838,8.1879468364432,10.8557558387692,10.7225254507299,18.5273035390962,14.6248173408034,12.8318188976154,14.1602690703854,11.1657282880994,16.3265115329591,15.5632551360833,12.8568040443215,9.2681625946848,12.8076479595608,14.7094395578483,12.7718473688051,13.9367429624858,13.1130516054356,9.16227724221821,14.5381502591294
"TCGA-DM-A280",13.2530664965,11.3096790050057,8.90142458821145,9.60897775913622,7.11796131560595,10.3025257362317,6.52382843804143,8.07710240955601,13.8337159691225,10.6139521616394,10.4806443101756,6.47412481093082,6.17201392151369,13.3400499285405,15.3978607306337,10.0448225127888,6.67939563545088,8.42452912421206,7.38110152683154,17.7926585597832,10.5273238703365,4.33009208585414,6.28352351476165,6.22497280315305,12.7309062624541,6.21026638911754,7.00943953964448,8.39032695203057,8.75732935591268,8.99642471564879,12.2660178088058,6.53249167829321,16.7056538587368,7.88486425610399,10.4848817775821,5.14490652822143,5.37607678544206,6.6432431209477,5.16288530308884,9.21125039856719,8.3838896156461,5.78245757508492,6.59650126475978,3.85520166931073,4.92691620248827,6.26332921923083,11.7326796485291,10.8066920193197,7.83675608159427,14.15865570433
"TCGA-QG-A5YV",11.4440583395704,12.833282561502,4.769167035519,5.76409448555332,8.51461848845265,8.16380807681952,8.40155884974456,5.66932418695489,7.19240844656978,8.92580725585786,8.28602254600428,12.6840019008897,10.1523318871182,10.2710158045461,12.8640473325356,8.03302023875056,5.12452320800894,9.88229924854758,5.15117870199992,15.750661476916,6.41669288096268,6.20274272887735,6.89561204277306,8.38808644343005,9.03905212250507,4.78413635821942,6.33798752735651,4.43047296813361,7.23766996486215,10.1811738757018,9.1994816835757,8.15404885433753,12.9093585353553,8.6300619469912,14.5484139982941,10.1166635542695,8.70874693285592,11.6451718165967,14.8941743162395,13.5030646184151,12.2054191994406,8.92223627987518,8.74868901983974,8.21290531039817,9.61775744945906,9.58968187994045,12.1321915079076,12.0079029256013,9.64511957904952,14.012628700404
"TCGA-G4-6320",10.4523117223789,13.8977127180515,5.51811062852011,10.4987067491308,10.3020595465669,7.50914999283775,9.56138237734595,4.38990680066878,9.62427985238626,8.79494806085419,8.1373794144977,9.39001987944588,10.6396026592579,6.17779714790754,8.19861981984245,5.05698236988435,6.58476092859082,7.06831069390291,4.3091186914807,14.3733011095288,5.00369759436535,8.32948885291557,5.53397504185909,6.89014100309374,8.92674719660975,4.17615440487091,5.20228818717368,5.46798233003849,7.49597157308954,7.8024101267915,10.2471659091838,9.75954521250893,17.4200407156031,9.4554626505619,12.1163912586213,7.00675923580061,5.72571649235235,6.44423655476895,9.70575274882187,11.0700977732292,10.3525573604545,5.96652163324838,9.40110515099045,5.04410657401093,7.68864496791757,6.59697180146931,12.968523707227,12.1422161824896,8.44909068622271,17.551376198509
"TCGA-F4-6854",10.6899690538276,9.97354061231057,6.88009882554196,8.54640430703415,6.64318967900586,11.8236833592139,8.02244066265532,5.89427196433425,10.9605363840576,9.5212743401506,8.87120921538022,10.3010323601752,9.10835408521867,8.32584319108301,11.7434711869415,6.04473796443868,10.73950122654,10.6278298393496,5.28997521112603,15.3824645906265,8.14065394355862,7.70273658556558,6.73495474246572,9.34468929705382,10.6177399955068,5.18831958920967,5.80857377674719,8.63563410122999,10.2359693569163,8.58866325926037,10.545112527647,7.45043111144608,13.3663198778328,7.75833478193393,14.2159640925618,9.74424154401859,8.65987399347656,9.15892439844228,11.3746978430881,13.5569028270855,10.2446162594615,8.23810229085938,8.22799269802399,7.4896350519485,10.3371851057256,9.19369303052764,11.3770191273026,11.1185053583224,9.66500582742578,12.3431009167614
"TCGA-DM-A28F",14.538204761845,11.3408822796724,5.39364163200224,6.12869043737514,11.0956760263147,10.4226811589826,8.83700119212679,4.36561252667618,5.58461693146514,8.33976601545552,8.79225397189319,12.6899165433835,11.7828936911331,9.55324060627619,12.8758073963811,4.88085097592916,7.33035556934922,8.64924516435515,4.41939780510211,10.4610692986037,5.95567544677255,6.59260630280665,5.28009199910356,8.9885464866508,8.93277482087655,4.00606749996681,5.28572338820153,4.09916272563765,5.35414084655608,5.49504186175791,8.11838265471266,6.71581501888057,10.5456519938095,6.1797352688306,15.0620251638299,9.08018544326496,9.68245327982928,10.6846101951186,14.2575123729656,14.6048024809005,12.5124846187511,9.4203320273334,8.81409039705516,7.87428130349878,10.4486536248072,9.41138390839935,13.0641907089153,13.1091798241054,8.59413749751038,11.1678809276406
"TCGA-NH-A6GC",6.36048404802678,6.69682760572093,4.46293578291814,6.35438183950727,10.9824444980337,4.39385997634649,11.7587166801078,4.65796855351616,4.49314496965314,8.73431430996785,5.83162797163106,9.65994939749725,9.97203131370776,7.30436251164201,9.48078204731873,4.31789103500818,6.20727451389498,4.88449987619463,3.87509561458515,16.258716672236,4.19830982907188,8.99333512663721,4.4041940181047,5.52386617328616,6.67222205127993,3.86541549201645,5.86879951971115,3.5131312650495,4.95766963003177,12.3343900647083,5.94359443776743,13.3303683815076,17.3560912077091,10.8450518011221,16.7120753341031,11.6221966851233,10.9383196595129,11.0821542691877,12.2017039035126,14.6303611780394,9.73449626266967,10.4675120271515,10.0327681709252,9.35468247963774,12.2907316127816,12.0433244276188,13.8987658798493,13.0937799520918,8.69814285369788,18.6221560933796
"TCGA-D5-6922",10.9516178128836,6.93096356715962,5.38245969558334,6.94781917880206,8.23645804893482,10.9486412761143,8.60574853348366,7.19043907048025,4.45640893637636,9.77359389219262,8.32880947428044,8.28431943791103,11.2121662127548,6.42806190352342,9.37264606331419,6.53333998112394,3.99288880934766,7.34429654759334,6.64006817585263,14.6602459899542,4.71750222649442,6.45733548275617,4.42558085993142,10.3676765282171,9.47346330947991,5.86963810573641,7.62918818851885,4.05444186442442,4.94516158866864,5.67419328373851,7.81357031045704,5.84776834959799,10.6471336252959,8.11130111218444,12.7244541823069,9.90771648725676,7.03179805803766,8.47799503990003,8.69500491599088,11.5382160725765,9.33198595381238,8.18776231833485,9.03833030246981,6.54663210470264,9.52521011737681,9.02032444186065,12.0467042629387,11.8389229754923,9.62833901168971,10.4621261802396
"TCGA-G4-6323",10.2009279735768,15.4842419434965,4.77166701125792,8.00441978239664,8.1747645743634,6.5705500953544,8.95159823246671,4.03894921300535,5.29259267104261,10.4643458978481,6.32172068887527,14.6656620367988,12.1782674584224,11.6750303176732,14.2898634724774,5.36384283404304,7.20200489031505,4.93206766740866,4.05340994617114,17.7568475236539,4.07056686441159,8.13124609258603,5.3916025012377,7.62720498053995,8.48892185892163,3.86182453655945,5.07756188821077,3.47596102506005,8.65696906261631,11.2091394439375,6.50504940879753,9.05982421098225,14.4270659574361,9.80912412734681,16.5326123398956,12.167439705061,10.6449217570001,11.1153654100894,16.0297212845,16.9149723328464,14.9698060985484,10.4446912695845,9.98926916595692,10.0647845438732,11.7091824709682,10.801409935092,13.125448144731,12.4828024390204,7.21686690094471,15.6035318131935
"TCGA-A6-6651",9.40573482139734,5.34226411989389,3.18559889108541,7.64881943510992,7.22805967985678,9.85555427410764,6.59105125598554,8.59000901106939,4.27532034069626,11.7636230749991,7.179976166397,13.0467545215468,7.2661462395827,4.03306313511975,6.07241749670644,8.35297288592301,4.00727969054349,10.1070837091489,6.10617787302421,6.31590676354558,6.88698322834207,7.08638802241824,6.85848357146291,8.58753193798284,8.69916096806345,6.57288402479697,9.04960282733104,3.89191527912964,4.10956311424188,4.72001771065843,9.60283281637916,4.0148497537518,5.92644584473306,9.37887647782873,17.9040907871902,13.6051697750816,11.9710588362351,12.7187592901643,12.9847600167055,17.3103506366469,13.5012165167216,11.5341128383773,8.08441118776441,10.3779001081182,12.9810232792128,12.7784895123814,11.5293150197185,10.5601409216804,11.4738856557308,8.81511249297562
"TCGA-D5-5540",5.77314036605706,5.68945079885682,3.44765289467489,9.6394424570609,9.40236537496529,5.94164366259012,8.68919139544385,6.7083845500359,5.50336208322363,10.415712515865,9.85247034842108,7.58199418475334,4.71218223038008,4.07557650757113,4.63240958598805,7.49122762159584,6.03353584809621,11.0842537776871,5.44175300185842,6.09213689662779,10.0393413579987,5.15941365988938,8.05463435649508,11.0825497434031,13.4522367493191,5.38763781416516,7.15319716805098,3.87198088919078,5.04026057912857,4.23103641237034,11.7571069543579,3.41974714341941,7.49778385515549,8.27731604698992,8.59260398265807,5.10348911091582,4.67193099381297,4.84635888378337,6.63820888752284,6.90364553244932,6.59848233724539,4.45932649172685,8.77388999061027,4.29216138211062,5.67759210663338,4.5504741403604,11.4248781228502,10.606585948695,10.5694527877933,6.25185468248121
"TCGA-CM-6161",11.3569029878813,10.0904298551192,7.36259655244175,8.08110276518428,10.0779352535353,11.2279845437482,7.88955512097926,6.55860213282811,6.94230082261482,9.96381392925454,8.76227605473187,12.0347701241495,8.39448484652265,7.96273137645482,11.4270342587106,6.48660112369283,9.13501550559034,8.71549006988756,6.60632690204258,13.2465894607946,4.98385762407012,6.2213814435953,5.69845563139312,7.78757337251089,8.58480861886502,5.09534172723176,6.93776910510983,4.78857948903263,5.83888874210095,10.0443894826018,8.57156071327424,6.79764531481781,11.6041779320812,7.22162750215738,14.1899862388657,9.37013674666854,8.28848801672483,10.5501713966695,4.75682545525137,5.64344754581632,13.1885831802622,11.8858890176829,9.40306112913346,7.41178305244774,10.2460736095537,10.00160747446,11.6353454668064,11.4067819478529,10.8705359363831,11.7213411809793
"TCGA-AY-6386",13.2274361153966,14.3986832914606,5.30034394894894,9.22654832389799,8.52157727632516,9.41638992524594,6.69488023449673,7.70789859017008,5.29144251554557,10.89634137796,10.4766110230961,13.6565577057398,6.6880292749249,12.2766548448398,14.056929211234,7.80061337671418,5.67152550127291,8.0082891723477,5.59753132206588,17.9856155839811,10.1153699380749,4.89931795026118,6.92055035532973,8.07719273516671,13.2765772725351,6.93347327602864,7.78256942210633,4.56847903703032,7.11458524831558,8.02378882015266,8.086470413203,9.21569783841847,15.6390213672284,6.78796791312381,15.2774469165393,11.6323179899499,11.209728854836,11.7509589233562,15.2642083270804,15.7765679808813,13.2286322148569,10.3141578923929,6.78305091420138,8.29912621307256,11.196385918754,10.4336848329242,11.3513939479752,10.1235021276772,11.1558719275891,16.0401985816591
"TCGA-D5-6931",12.6219151687472,15.0692828235241,10.1266947903258,8.14303899948694,9.60637004918244,12.6958250904392,7.862325652016,6.86999116980448,12.4527948051694,10.2106546342022,8.82368235913959,14.2986595276384,10.2457797253677,8.02512423781674,11.5673922163038,6.26943652783615,9.58409447478442,10.1093738030891,6.56111251393339,16.4749387881346,7.08025613909536,6.5460675373738,7.42689092846641,8.97234198612973,11.0195703676088,5.5229389952538,7.44764127195481,9.98204369694117,10.6389633683127,11.8733163574773,11.2065956349745,10.0171709107513,15.152139101647,9.10591202676813,16.555002026362,11.9818363487635,11.5331488997884,12.2560028892401,16.0980021112377,16.2906226852985,14.4274838094867,11.5441596655823,8.81417329960206,10.6272745182561,12.3123211021931,11.6956074223603,12.7822663801508,11.2529845934513,11.8619224444571,15.3990599617724
"TCGA-NH-A8F7",9.74665143843399,8.25719038793636,4.7077637517348,7.6236728427192,5.34184175606101,13.8623140685469,7.79720361256351,6.12043416134829,8.28189405314972,8.24775937246645,9.0809109940352,5.1528191176699,7.22151477417145,4.32650087860856,6.10080120715944,6.21280795397106,5.40423921890305,8.08325536046862,5.90207947453168,7.51629200564511,7.10593838328424,8.44952353975875,5.62868964817152,5.55430428111872,9.01029297039338,5.1725872876643,6.25332082504846,6.72924512812637,4.45303617422774,4.70261957547325,8.17008997975535,4.92207376872905,8.34420516089546,6.99254195307318,8.50364087265423,5.4234017488925,4.60490620924926,6.27541198590525,6.01495215604016,7.4390189787611,5.79403889324762,4.96163594308662,9.66152133450907,4.10420746599929,5.12425404847369,5.30040205880103,12.7258411875257,13.2444999104728,6.76955941566208,11.2806615428232
"TCGA-CA-5796",15.9152755554778,16.0700073751439,13.4722746539426,8.31937111238306,5.46499428568071,13.7783817563089,5.99049205597266,4.59500571060832,8.4502010009994,10.0023646050878,10.5659558225424,15.9868687229945,12.1485798349082,14.2184017701334,16.3220057380327,4.84375985049565,8.93384070916493,7.58585443700658,4.75908794373908,18.8545824762326,5.18220732029016,5.93859249011233,6.24994093993089,7.26367528320893,7.8608821028502,4.21141095583718,5.48292692693807,5.86716717981938,9.93018614299749,15.8269477042575,7.67720079422301,12.6484922898816,18.6693224847218,7.1295783143859,17.116647750007,13.7376244790456,11.3863432995432,12.4551813727013,15.780320249328,17.580252010884,13.6661570188272,11.4689175427811,6.1656076307184,8.9372528657285,13.0260025457562,12.2259971108775,9.57282681363911,8.91441221380725,10.6581643063729,17.8918194646568
"TCGA-DM-A0X9",11.1674396802338,11.5960182531529,5.95685607671312,5.56602397319455,8.36369163126446,9.95822088872251,7.38840878717464,4.8491617459795,15.4180029683295,9.60307276373613,6.65131370639962,11.2418142859489,9.39894504041935,5.96297014994143,9.34597630373384,5.84202113836248,9.46333072246565,7.44316217784852,5.10744491502003,11.7327073489952,5.52803921127508,5.87116483803458,6.06231421538946,9.0734822092167,7.81192018835629,4.48628429968632,6.41261079043627,11.3352407224552,7.98317055712432,8.38305484822682,7.56821823583371,8.09403937462292,14.0823184698143,10.0855046083919,15.0011522656274,12.1233481538433,8.52481135357392,9.94939454448343,10.7836499155385,12.8816833918676,12.8704053718743,7.73497526956428,8.75801180441374,10.5628396748422,11.3233295227293,8.7458623581603,12.3659796139035,11.8455378731417,8.61810719241143,14.0195369860177
"TCGA-WS-AB45",8.65188485617863,7.41526755108625,5.77187105981974,8.93479190626183,7.7481547255049,8.4223505025426,7.5955692427606,8.26565549384562,11.0363864213728,11.2423691030949,9.83468791311466,11.0513342881107,6.91641048570975,6.76760929249214,8.78747636962795,8.73226995563748,5.87779225852314,10.7493477688569,7.41524388416219,12.1465558984056,9.43221556184062,6.41518958765045,7.09704076371728,8.67756124508735,11.2488511946927,7.34726661612435,8.86040895615109,6.08549974023926,7.07105326784618,7.74014618753695,11.7226362233736,7.30330526660985,14.8312573004598,8.78395507816712,14.5041323894658,10.3043991777347,9.62102379673276,10.3322334709099,11.1397012938435,13.2331129220058,10.5660944142675,9.3177250726648,8.34760573832971,7.92002321442854,10.167459244336,10.0739864039097,12.810264891873,12.1756444965351,10.4330752332209,13.0382841192949
"TCGA-DM-A1D4",9.8134533062732,13.8579909868058,4.24829518773244,5.93010955628052,7.70341708203848,8.56818686404789,10.2145335624349,4.40971102636038,6.36932254265688,8.24957433250575,9.79922815371351,11.0130003279179,9.40887771241445,11.8055613588879,14.6785392544473,5.56311430208888,5.94723088887792,7.9969653247913,4.54147899534349,17.9832283598625,5.35521487449987,6.95526881720428,5.50915485756451,8.65037897868215,8.52289051328618,4.27456347493149,4.68237903066436,4.13073832097395,6.20434819941973,10.6202614315336,7.97514307787178,8.47124621063078,15.6987087191003,8.65753246992693,12.4767142472248,7.05465012788486,6.15481304059312,9.13164437802172,11.6148940334949,12.7014869868638,9.38396044420431,6.68396189500827,9.4888132412803,5.58366534954119,8.38027166196806,6.74175311891386,14.23436660637,13.1469964853416,8.80980658560907,16.5755162481711
"TCGA-AA-3502",7.66198582543863,14.775842419735,4.93342187225966,8.19352991156975,10.2655514611594,7.23864338586943,8.91811104398776,4.03415307564492,14.2928332004185,9.86046319306953,9.80684007777439,14.5224178106846,11.944807163108,6.9275267435828,9.55316981983468,4.27338803600455,4.85165576314448,6.50264680500096,4.59002453782721,14.1520501539537,4.76868402617682,7.32374362066677,4.59236661645087,8.41695445937357,8.11473785686365,3.42057986389936,6.35634064676043,10.9946344089362,5.25745308334435,9.17052900884143,7.36679590956244,11.9665001499317,17.5177195178744,9.70683734503673,16.5648146441185,11.1519574161987,10.9189813867232,10.6173898851522,15.5201023679533,14.5479243407482,13.126267585773,10.4217592955986,9.39955138322571,8.14185049844677,10.9241454824911,10.4815446106219,12.4592312345433,13.3591578860466,10.1085697252787,16.9958215759055
"TCGA-A6-3809",8.84698420940892,9.74216405131579,6.03941686080389,11.9524553423649,5.327673677573,5.75384415191323,6.11892867731012,9.74811900231607,6.74686212313837,12.1930202405122,12.1717339046309,12.181172981904,6.07709513309134,4.08966020854088,9.42350726979855,7.80778587290699,5.46429230379229,12.6400605677522,8.98219013380525,15.7659637675884,12.6903128444795,7.86371564111886,8.17307527693105,12.0740995366212,14.3114984832888,8.4112489362672,8.13567906188428,3.20830128506033,7.00715738508987,7.00810456230743,13.4512245588514,5.09164447933752,15.395551726978,11.5901732865429,14.9276211184432,7.50532684667169,7.45479024021641,9.54651130683382,8.0811587850261,10.8300232846997,8.83254075273939,6.64164842273403,10.3884656438495,5.59486098376901,7.00170806980544,8.66874721797935,19.3497344767071,20.3442794622694,13.1518920081551,8.70953432283662
"TCGA-4N-A93T",12.3487878286209,8.7415101688378,6.15955151500485,6.88709761807832,9.76116404145626,11.6912223241893,9.42823655431602,5.58009947820389,9.42880102987779,9.13988947352481,7.7801180007634,11.9571404689981,9.81963492028938,9.54817530189852,12.1097002479393,5.80327500748514,6.25461421801441,8.23706756205362,5.43006607692834,16.1148809806463,6.22575853064659,6.57076959854291,5.78935998788948,7.55241073763706,8.811715683928,4.62729620282525,5.95309978939564,6.90014715412538,6.67985798491744,7.57767014708888,8.80089840514888,6.06432247631279,12.5109747053458,10.2223013206103,14.7587020143774,9.46230888534709,9.00321535656412,9.61270957584335,13.0646863867159,14.0527095317183,11.2029523654671,8.90373023186877,9.24104656322273,7.48627087767843,10.186956977168,9.85141047502562,14.0199854985456,13.0930792034924,8.51039079983475,12.5785744763122
"TCGA-CK-6748",11.2307018392409,5.30429861755714,4.38221954134248,8.84425538545299,9.68860229851711,10.7885911398085,6.65961098464055,8.41243772195995,5.02494699247313,11.3258791273865,9.8401236387773,8.86310647574564,7.35493592993816,4.98135778605783,7.5232747716376,7.88128254444716,7.13841571410559,11.5356469740926,6.51984499615348,8.41640159053013,9.525916821915,5.94337485337294,8.27468445994057,8.37516800539052,11.9730929879781,6.32617326936338,8.77058929079898,4.0438482112843,5.21846006010045,4.76544789799824,11.6898141034392,4.43095287957537,14.1755117363983,8.73415671849371,11.510685391394,9.00149853920307,6.74367604211748,8.54843056300878,9.39367668404295,12.2306225983638,7.78866685473766,6.18523483501024,6.83345240409891,7.69677816989399,7.47175333348258,6.21679814326388,10.6417470360086,10.3798314168475,11.2732747771289,9.12902901146823
"TCGA-D5-5541",8.97999612399418,5.17650950226912,4.19126760576238,7.80287811998943,10.247813428465,10.2167941568494,7.95223718604268,8.21532857637285,5.09070831885219,10.4926424573434,8.82536653897086,11.654651060735,7.31957333252986,4.50482323755048,6.65497603024133,7.27593406930965,7.66956204385806,9.18168411888271,6.46260564146797,10.6444057599709,7.46577569326625,6.21585237764772,4.99556326320465,10.3731829644782,10.5650595583496,5.49490202887773,6.54125657824297,4.11813087069464,6.64867114727143,4.34059878602945,10.5012088680318,3.94843881660397,6.46502588786478,9.54765501654502,15.9790983595237,10.2309035504539,10.5979548543147,10.8584351129536,10.7125335938837,13.3513652973025,11.4204252752316,10.7270871979007,7.99655904157894,8.96290891018882,10.7632811626209,11.4697992566568,12.7802539133876,11.3419992193733,11.3606505082015,7.01993524279787
"TCGA-A6-5662",5.97383650565306,4.36239773127042,4.80543155149469,4.94703282434446,8.55567023437075,10.2201244601246,7.39925040125756,5.8885081105908,4.49675534040535,8.86935171056898,5.47515060650931,6.60403981521993,4.38561112632971,5.7502612206767,7.99499239669223,5.11210684411996,6.6691202576485,6.35084009534179,4.426698060078,6.47590069041001,4.40225737676144,5.26613340772271,4.97576502200577,6.3141663564974,9.10987769505913,4.07669552571212,5.75532671837703,4.40606706740344,4.20145938285181,4.52094085067876,6.84662604262183,3.75291907380648,7.16035431571531,9.40957096715283,9.44322998856079,6.01848470196993,4.97907233949819,5.2991110627888,6.1045272484498,7.86803429589841,8.92319425194548,4.20054466729098,7.98315867297386,4.16995451349994,5.16459932488685,5.30746435038112,11.8608231233644,11.6640565022999,7.02621961289349,6.96017111625957
"TCGA-CM-5861",8.21092838308791,5.89424699479404,4.45772613491409,11.6773959264683,5.32341718160356,5.87438564697804,6.1433777068321,6.22917557191394,16.698371912666,9.10097239105961,7.79233416610836,6.83566268027411,6.30755165756414,5.36078266835722,10.0313044069322,6.55138533413916,4.05375657381709,8.81739799700671,5.1370472243632,18.3967241825451,7.96846726921004,4.04314690475585,4.53672447815295,9.56529454038675,10.8243644539382,4.83902975835624,5.70194965992247,12.8629142423679,4.59145020550956,6.81292398338153,10.0323318631915,5.41787488275957,17.1644122085291,8.63440909229963,9.57316641575654,5.94939215938771,4.55605395275073,6.19309738534099,6.43695621615729,8.60191723753849,7.70566612573145,5.04782226149892,6.40479647599175,3.89472865115863,5.45712416169553,5.04850056788988,12.0731555059918,10.1398489619954,8.97694202525662,11.4074532950623
"TCGA-CA-6719",11.292852899227,5.72457775934632,5.02849861423996,8.25686882988676,8.08735914296975,10.3510461826732,7.51973997705536,8.06023762618799,6.95893887336602,10.7887122451347,7.54276951038318,10.1280022166932,10.7331915534386,6.46913466589047,9.64084121037015,7.10773067975898,4.64964239070852,9.05503729912019,6.49621535984643,7.4984071714783,6.17351190632989,7.59255496469095,5.19828601648243,9.31929938933654,10.390228696577,5.6651219412788,8.01273159221192,3.85025478872187,4.27250076754712,5.18975123095376,9.03043168048853,4.19158583918272,9.2902028480924,8.12252984898566,15.2827165060998,11.1665498456527,9.98323515266031,10.721490516411,9.82106161572917,11.8014144716127,11.0331634784191,10.7606216325381,8.25948645162222,8.41308594991332,10.6074370644524,9.44155562692259,12.8882247470485,11.5418043956193,11.2318155829985,7.65034529819198
"TCGA-F4-6459",14.8958326254424,6.73810903536456,5.11296124880004,8.11398578236985,10.8067486019847,14.0907991203118,7.42692628547454,6.87537705101421,4.03071495386835,10.1541760681988,8.77247713378406,9.47460006751079,9.76840914487527,7.24697825475478,10.2956436141933,5.77124110715495,6.94861742609175,9.64175423912307,5.4079238106034,8.62763354672827,6.88410057407042,6.45589934638351,7.11006209359261,7.80984388056224,9.28438234658176,4.98140464361365,7.40585979260161,3.36084274644712,5.47246445768717,4.71193097609294,11.570452533705,4.08106724927618,8.67769565261453,8.70968242911577,13.0114607830929,8.83689178069952,8.01172808449688,9.30736684622793,10.5645267002245,11.784371638592,11.1437696334817,8.70515233915961,7.18859981971034,6.36818040753957,9.15099018446702,8.82303930848593,11.219973445374,11.1751510666601,10.5322524788934,9.03669657702271
"TCGA-D5-6927",7.78313075297172,9.25039237255358,4.49219711555038,9.35578177302832,7.6086312139899,5.41989996583306,7.86789387545515,8.64430226433216,12.0360039750785,11.2297032643204,11.1922409735113,10.6944344354734,5.96671350281641,9.1350485211097,11.4384930926466,9.12304774764123,6.50893632821067,12.8599007325549,9.2379457398731,16.5425875798871,9.05883119641991,5.67688403265861,8.30114458362606,10.7419496917076,13.3045343384161,7.41968109334328,9.11112772337623,7.50860221233793,6.91241723137353,9.7850450946112,13.938875967728,4.9595372386219,13.8879354314739,9.38818209329805,14.8281329687783,10.9822175052869,10.0564709196549,9.64904851529038,9.65233138280352,12.6433234263545,13.7275252680784,10.1968984631149,7.7818849976402,7.22712359551443,11.7075608762591,9.33214232814538,13.7679393474123,11.7385701560647,12.1186535716448,14.0474794409949
"TCGA-DM-A0XD",10.9937394934534,4.12933474018822,4.78569731360179,6.40247905944538,9.74992751462021,8.34241043128768,8.71851473472603,6.53552453361596,11.1920952202477,9.0558541177186,6.99004199152991,10.1378736232884,5.45744725112322,11.2684739936262,13.1838771334871,6.8016167773447,7.71514737933436,10.9456022364648,4.86442864611515,16.1600205836143,7.51489810637687,7.02557509577007,10.6003466252753,7.9179967857094,10.0251507102858,4.4150421968767,5.87330861493833,8.0987356504109,4.32441999858402,5.66797648410748,13.0751817395975,4.44070563534205,11.6968205248329,9.88365652216192,14.4322033407491,8.66979626125804,8.85001253233295,8.55958734654018,11.7124637156716,12.5725466822301,10.8202782456809,7.39799990426485,8.63782982342863,6.02347165727775,8.1979873070665,8.72501614998286,13.568194731867,11.8414324157779,11.0303021804443,8.3006039623986
"TCGA-AZ-6598",7.4786464713268,9.15588612003557,5.52646170847539,5.74946551125507,5.46867981293943,3.93816639238214,6.77131546738935,7.15220279678893,18.8427267907491,10.589644129525,6.94105657594825,9.0032490656479,5.1348316865616,3.97027828093416,4.00426184222898,7.64527579906632,6.47956936180838,9.14383272872945,5.38953730492379,9.78584520350326,8.38125981103141,4.65553320920507,5.00541210043408,9.6616553778905,9.00019831420504,5.58139949836607,7.22573727871008,17.5186851745067,4.88520480964239,10.4438381171982,11.2020990384102,9.42740020212039,16.5727784501583,8.43598299339518,12.8234905775884,7.90384159417175,6.39200618350549,8.98406631944542,7.18159533836529,11.2915761104948,9.52063825916466,7.72574452915836,6.28620256945754,5.31229868685459,8.44475791326991,8.07506034603675,10.6170666068085,10.9868788906704,11.9558293028813,16.6489124258932
"TCGA-4T-AA8H",12.592722374706,11.189409698844,9.02299256868034,6.6403065372758,10.5057293715105,11.520323656554,9.0235804350488,5.73915657742422,7.75045212585315,9.28281374734655,8.10244569975815,11.9997597993082,10.3920054834027,9.06961019839965,12.1912100590902,5.87667478774498,6.61454522495581,8.54353963366419,5.27590436656131,16.1258074700203,5.52351145641848,6.83379065384093,6.22374423586777,6.9288766432028,9.10847465359684,4.98963235573894,6.02908029829079,5.71940987861262,9.70147478667874,9.56330559999627,8.89539000784275,8.13495863622297,13.8384179563698,9.44734106923285,14.5845265395571,10.2623537401543,9.5270432210117,10.3666737224812,13.1855330876486,14.0161964652614,11.5169248804649,9.62690701477404,9.64565450141987,8.0629154986414,10.2424772922804,10.2332586630762,13.1500954541013,12.7116111663464,9.02700549800998,14.2433509526857
"TCGA-D5-5537",10.1787428640529,4.40885950587854,3.98692630449676,5.65542141200648,10.7089468831194,8.94699511047472,8.71905054887667,4.70167657273398,4.72657017181014,8.80736667696096,7.42264178335757,10.6730134467893,8.6293356424406,7.72676811692427,11.2278754513965,4.71895752872011,5.92693356504994,4.54742833103604,3.71300916351667,16.7814720486756,4.65145287247932,6.6714400251432,3.37335223762967,6.77589771299733,7.41375309482538,4.18792285146423,5.45865533199633,4.19641586165354,6.22141486308571,5.11258616526758,5.49253262272838,6.2887085506512,10.1004742546644,9.18245884060527,15.7702071760539,11.3496079984819,10.6695139971294,11.8032750464248,12.081409611703,14.0666694130894,11.2867336531482,10.2453670952988,8.84195188816002,11.9203681780816,11.6855300744354,10.1647216334331,11.8083822327614,11.6594587271663,7.75036488587354,14.3816455896292
"TCGA-D5-6532",8.2448113468226,6.02047962811239,4.29554139115537,5.42793165398538,8.37302035624667,10.340837525379,8.2894636877706,5.38705537458878,6.91659471968307,8.41361342335267,6.97536645039212,9.79110437459184,5.22315579054008,6.69039395415809,9.68837865875008,6.08334850331959,6.58410302520434,8.17361251654118,4.79724075806746,16.3491427721174,5.65603767198951,6.28245256378967,4.45806277435238,6.96715329398817,7.82062399362055,4.42714590423496,5.93021494996362,5.39216047185708,3.48677600537117,4.56971409705243,9.23109704052159,3.91393190153878,10.6422320729939,6.99639420491796,15.2788677213266,9.67022171825282,8.76159875877661,10.388815908067,11.1248416211623,14.2838473854258,9.10211643566187,8.90301161699987,7.9093976943964,7.84370450367437,10.6405616629383,10.2027943934621,11.3309348689622,11.0145847083252,8.06340172959056,9.08673990553646
"TCGA-AY-A69D",12.8122899697656,12.352921829857,9.73802367515691,8.41012983107106,8.23150431440178,10.9718531427113,7.99385923339838,5.36328043525062,5.4509512326752,9.07203283064373,8.89622451292497,11.9711098660932,11.1494018439009,7.75800629006686,11.4192741378149,5.60587416631421,5.27774297012841,9.95642740858277,4.89311674656581,13.5710107492751,6.30550583538079,7.32430415317042,7.46207972522651,7.47827478449771,10.0749149156109,4.7174365998276,6.40027289967368,3.61074153255576,7.5937418623349,8.42099982493362,9.9032898387723,10.5234917503393,14.5087456257733,9.46513658283934,14.1152599835562,9.16601114835351,9.08102100316031,9.37803325907696,14.3562360189904,13.6890156271381,11.3084330416032,8.01220499082637,10.959943298034,7.46244010747608,9.75523220878383,9.33624409815138,12.6453294484846,12.5649176723712,9.5651005292758,16.3823764660839
"TCGA-G4-6322",10.6054013388498,13.6494431644574,4.83148751039237,9.03430156762485,10.8898340100909,6.2970411219851,9.7706205754565,4.85769110316711,13.5005947443408,9.55972366315498,13.017507165009,13.1087876315912,9.69714418506423,7.94299992723516,11.4661067320442,5.61344634066949,9.5743941735858,12.1686993345145,4.53382427609999,12.8385948055964,9.48171752046931,8.2051558347574,9.55250216674204,8.64542733406154,11.8917757698322,4.45790266445094,5.4230055315595,8.08115333941453,16.2348429186713,13.246164131289,11.4569758893152,12.3905862387797,18.1551143642098,10.4840201096085,15.9302715154731,10.1330982772499,9.11374061911596,10.5972252239305,13.7469193918449,16.4156094193692,12.0958322498072,10.2583697931541,9.28593460950752,7.8201460211317,10.6720842736889,10.8551806748705,15.0005703516919,12.9622102956551,11.4418304601835,19.2393753405684
"TCGA-AZ-5407",11.6943899272437,15.8911243458741,6.6613507966019,9.83307848450438,8.76347121792228,7.61913584404075,8.34847105723519,4.67480231855531,13.2690593157397,10.1133754963859,7.98716823931638,15.8332661311034,11.4959381939705,11.2658558478027,13.7922175148573,6.35566248148801,10.3823550622317,7.6968201289745,5.5472186573294,17.3240516871173,5.30940740990234,6.63826071358641,7.64800433312597,6.98704249090114,8.60193079607198,4.94778922566761,5.96325273467576,9.40739068572837,7.78530887014258,11.9897293043003,12.4634946790665,9.31410387282165,14.0363438469326,7.45685699530125,16.4736914344958,11.4000564057707,12.2496110963617,12.6246905815838,15.7733320577099,16.5412200477511,12.6896426763427,11.2482775789343,8.21700942940729,9.2584181123685,12.1103586455359,12.4746761032296,11.7161716608097,10.0931060237278,10.0394384698557,16.1152911193545
"TCGA-AA-3489",9.76909076045139,9.48656486753244,4.89754209588173,10.4240195763137,9.58055188676703,7.86092831987872,8.27877754688353,9.03137941099218,9.00251291521202,12.216093444937,11.3129443928669,12.5862609402591,7.57930182607371,6.18462373324255,9.44943529125267,9.66531451057939,6.84827501332463,11.454498466904,9.18460880944914,15.2325588795932,12.7905782960013,8.17651091041159,5.18755371430584,9.22785975230261,12.6626426082459,7.87539814649226,9.23361161244733,6.49134631956359,6.37168874255009,5.98768356233083,12.6415898935315,6.46063966525058,10.5493893621454,10.8584381061352,18.6030740419052,14.5847980514842,13.2748995962205,13.5807840838895,12.049558786435,16.1351324482911,14.1979338169455,12.4786885550322,9.52882642261411,10.7545114450039,14.2170468746623,13.7037761568092,13.6854772029342,12.405958318677,11.2314656850947,11.72353127508
"TCGA-CM-4746",10.0846043167482,18.7751313604566,4.63870367080369,8.74431574300715,8.49203884905509,6.6883244967191,7.30873464182448,5.06349670167598,19.2004613107337,9.24733259820417,11.6259149801538,6.15117728894549,9.13537742178647,10.587067504671,11.4558489182,6.69404555124996,9.92022990150874,10.8425098987906,4.9845686310166,15.1718614953627,6.96842456222639,4.00042081979113,8.08141888617038,9.15363671579399,11.224647262668,3.39083381577498,6.35247970976345,15.4258887870638,7.65482914405852,16.5657809305934,11.487316984062,13.1659626142426,16.421400408068,7.46379054517357,10.7190818408274,4.64660021687232,4.48541513705079,5.42651754250241,7.33979374046649,8.4632066776623,5.73686235909514,4.89568870619551,7.0193704974959,4.29868779679016,4.75805767751871,5.80998125608149,10.1755303881441,9.9548766838178,9.06548212615134,16.3253945012067
"TCGA-F4-6463",11.6291873617847,14.5069904930066,4.53018744827689,7.83601337984779,8.88672389906958,9.54505536452444,7.06685832324703,6.28375098706212,9.33162790325887,9.78571430206786,7.80282124594859,10.7095485466562,9.14686151437356,8.53260385221675,12.0992135509095,7.11293177642877,6.07707543974841,9.14455268766049,4.84260804372207,12.8195604207216,6.79094927330789,5.76082758615897,5.73709763578707,8.91963214443994,9.41414445117444,4.95012052606313,7.01111170834372,5.32699977918102,9.15372700462048,7.56982794219395,8.99299490028119,8.38150290647343,12.238069078502,8.49925009485521,15.1439500557636,10.2399948046391,8.42094031707651,9.83033839297102,11.2573090367642,13.3045218308694,11.5380916758603,8.98478712601451,8.61664070599369,7.74612704246284,10.3063526112471,9.78740041368733,11.9556395658816,11.8235041114975,9.34783035683566,14.8186844519215
"TCGA-CM-4744",10.5060283954543,4.05956556757356,3.41312688696997,5.79434683972768,8.53270299676988,5.99239225290627,7.64302454032075,5.58079559366876,5.98128293644092,10.3290968516514,7.39493219200765,11.4656570286508,3.38868337105812,9.26831434462921,10.0509680835352,6.57212327902003,10.0953687385764,7.80165511162897,5.71205169226537,14.801871683922,4.53071911468683,4.64297335108039,6.90036393451704,11.1973127282468,10.1884741941874,4.30213519019678,5.83889593657753,4.51614991023924,4.42385849052103,3.87576992833488,10.1484834446974,3.39885625745305,5.44562303046162,6.47714195968477,13.1726513492483,7.82435700287742,7.59820257007208,8.04838732854758,9.50466173442709,11.4808254539259,12.2837632371447,6.16817965933335,7.23567520008076,4.33075132884948,8.91129744251531,8.5338187552185,11.3687768571426,10.0805679566747,10.5643427108592,7.5595289877724
"TCGA-D5-7000",11.2113482979099,3.95431676161129,7.71270776266888,9.53309096238239,10.0785384352399,7.29215600339277,8.51651520980961,7.6593217768721,7.60079367736416,10.487525521045,10.4577713560461,10.3873229160014,8.29405592071351,11.0302950446523,13.7242727410393,7.9115693493703,8.31224828630287,10.7895598551042,8.05235063912708,17.2453824435403,8.77964000198999,5.94655540411262,7.67798120563679,9.26100697392251,12.031068046525,6.86081942741032,8.3449967692794,5.15903885362221,4.51822980858089,11.3013147074487,11.682864336819,7.35209165056184,17.0508613638641,9.22689951778722,14.5037862049951,11.374537502792,9.54296729103246,10.4407559813189,11.035982102256,13.3806090167445,11.3200367915891,9.1608738744929,8.67474709924313,7.52682216920176,10.7298898884862,10.5168472699086,13.7255534772165,12.2461572073376,11.0908128117588,13.8146429887985
"TCGA-G4-6295",10.9993229687998,9.1140907800075,7.26555810859559,6.75499253517894,7.16047197767456,9.97727535170684,7.94737217655457,6.17782449931812,14.4958375451626,10.8477533608887,7.65821383112167,12.2385079823033,7.21935281779015,8.44960913848455,11.8090984415003,6.51300300886683,9.65866951376254,9.35820916786886,5.96157564934355,14.2239395004733,6.42106188805801,5.67702162184687,5.9123060376365,10.1035425063562,8.76756595889676,5.8581421641148,8.00221556767431,9.97382208851335,4.83293042980697,8.76637101327174,9.59983562818943,5.69926519066609,10.6583599932682,9.42130768630845,16.2445087524362,11.3834791783888,10.6160740849282,11.7442805289758,12.4958091258903,15.139435976559,14.3638738816435,10.3907059244752,7.6860451018513,9.10595159372229,11.8961808482552,12.0578635912578,12.3272959149435,10.5937004249971,10.9989402261392,11.0132765904862
"TCGA-NH-A6GB",11.3094077889496,9.38240383368901,8.96056368838239,8.08003211750137,9.15355547067806,14.2989868242434,8.50209056310312,7.21219823123337,16.5844508890891,10.4722249458555,8.45969610433599,13.3488030357929,6.58123587472765,10.0947498303546,13.335820332424,9.43164779398653,9.95922078304333,11.4460630458325,7.60664004738223,16.0568629334557,10.4523067958789,4.7616265206265,8.28976814931593,7.64048828001763,11.7153105826586,6.74821788663407,7.43188856145772,13.3742375858077,5.91224909996362,7.80970442669478,12.4029649817081,5.9499857881157,11.6773820692409,7.10605842637715,15.6539675356577,8.81415398986549,10.7837946838657,9.97460920187058,13.4581152957766,14.9394032017091,11.1620119963228,7.27774206046361,9.33263044792588,6.33067359969336,13.2285873310762,7.34069906142702,14.159128513505,12.4265561203179,11.1433822021641,11.6487476204623
"TCGA-AZ-4682",13.3023526845164,10.9501728387227,8.21050725935253,8.37167873809781,9.13017015759467,12.759858422141,7.6194482451855,5.46416821075566,11.8304556873274,9.94630262543592,8.3656198880354,13.5812842815047,10.2329862778503,10.179672783715,11.7383268835307,7.29032117674748,7.48226963791374,9.44866827814401,5.54651345098582,15.8225134745066,6.02692089028084,6.03425003442954,7.0368272265864,7.02898135914663,10.1543818073806,4.90292439632582,6.29079947857718,9.88729881670842,13.5732691288938,11.0057387359197,9.88519532914167,7.99735856618334,14.4942906083755,7.3027528692587,15.1381783580431,11.2634960329567,9.39294086171451,11.1081010021824,13.3381707082173,14.5662881799492,11.473558268197,8.65188110363076,8.12192988205454,8.49768962831905,11.2265127626639,10.1483423826136,11.2028925551051,11.3538136296653,9.41574618022877,13.3087419420089
"TCGA-DM-A1D9",5.70548668484442,12.3535711055722,5.54276643220679,6.48679127666718,7.97730072895626,6.37614139775483,9.81302259213106,5.42482234108582,4.71391017001943,8.86442890768032,7.14961163740985,8.21897451870442,10.3734808670681,5.90310638764725,7.55306299962839,5.62803853344118,6.11994781537254,6.61037769338331,4.68115388006907,16.9591178829464,5.31463273225315,8.38055756679497,6.09123336614146,8.77945878826145,10.2111682477076,4.58132282925144,5.80801399412157,3.95311070206061,12.2835494653245,8.10988065256223,7.49016889674419,8.49785617743615,14.2996305507047,8.48401560852744,13.336587254098,7.23206635225711,6.06298912481491,7.22087639463569,7.23516151939485,9.67535575279068,7.34177664083513,7.92367380309086,9.58406661450113,5.587824197982,7.55887727912772,7.31567055167111,13.0169153873244,12.5089611066408,7.99334541571029,14.6099314870037
"TCGA-D5-6531",7.98569800415137,5.35620371311421,4.00032208290182,6.83600647324349,4.91888877746059,6.93761779359029,6.49356477042765,7.13869381527676,14.4854075556371,10.4050308658895,8.13705450880775,9.38860211563117,4.12140290154083,4.41029034869484,5.42680621757101,6.30336689159991,9.04904933358003,9.55595387929977,5.48413583581046,15.7612998999772,6.48975853739507,6.09954278488078,5.88090995159482,10.6304397201431,9.33591830770812,5.88833777027689,7.19153517720326,11.2526602327432,4.03944519359809,5.18648760720531,10.1722677822432,5.41137848557392,9.65288662714968,8.14388596246681,14.0947115456558,9.20032320750028,9.81982394071894,9.82593300789123,10.7975144289244,13.0186433901519,9.81141001511984,8.57214929003537,7.11367506719168,7.25051166565646,9.3631477712172,8.53763418662012,11.2208729511302,11.3706662754179,8.10220840975486,8.90333398547931
"TCGA-D5-6928",10.0207550169116,13.3237938470485,8.01759139696289,8.93613172042106,9.17781147986294,10.1164809123246,8.24346138995931,8.80676091692611,6.61738686268941,12.3887412253309,9.19823607521275,14.187656916055,8.1703358329147,4.13840489737116,6.37086894951994,9.12060861951334,9.44210650378704,8.3847160671408,10.6287206387756,14.8869198436088,13.8414329868385,8.35082445778338,4.37369862990004,12.7277301963675,10.8676203837964,8.39376234415639,10.175447815974,4.63035749800031,8.27010970866565,10.2303580000313,11.412816591289,7.6688324343855,15.1819657461486,9.94729027866433,18.4553061086105,14.7003268956336,13.4939108172845,14.7076373002866,14.0269898177993,16.5790720263761,16.4283992565194,13.8108174945108,9.19275688999838,12.2842957184575,14.0232568909033,13.9361570151334,13.9966669388455,13.0507871286918,11.0890398937565,13.3703682294993
"TCGA-DM-A1D6",4.7962256659976,10.9477798412897,4.15961885172222,6.63410953780707,6.41267383946889,5.24288962655294,7.88479241248148,4.46030546905266,14.5619189171867,7.41551613611911,7.96661875275111,6.10620236220007,8.76719156602545,10.741228969864,12.8872034622891,4.73409596209858,10.9165416919217,8.76412667625941,4.26639333673412,16.2629273843395,5.5391619076536,8.47614995313902,5.91000865787835,5.75391913281063,9.05809820603193,4.07948351383139,4.84535312047256,10.3598367562964,4.5336644171978,13.9774554882739,9.06301442547717,11.9863696903459,18.8788065973487,10.3780030192704,9.2588377577293,4.97687035135109,5.2052149132295,5.7582452096923,5.80885747871155,7.48268073185057,5.38997130712455,4.75211869406777,9.61453090773492,4.4701313656751,5.09879141297921,4.88625587882022,12.6094507914055,11.8674295187098,6.79796894998701,16.803742937409
"TCGA-D5-6539",15.3855490633704,14.5370841703452,14.9600240728459,6.93848821311474,7.32734121732323,16.1150567334536,7.15128065763192,5.26642267777013,12.0540208713192,9.82089434462417,8.11141740428194,15.6980133691617,11.7279591785813,9.95955587699924,13.7069258741717,5.83320991170992,8.68686645147457,7.77234571275185,5.45546674214213,18.3626484139828,5.02225530022694,6.28852162830345,6.49493070044593,7.87911362089112,7.85884745799617,4.74549447940893,6.3522095754917,8.02192410363881,13.9571342962552,12.47963219992,8.15298273109994,10.3728147157283,16.4036449989773,8.10949582149968,16.7382409933641,12.5083219507923,12.3539008985636,11.2805505930019,17.4489217303705,16.6256457614802,13.5289386388933,11.6062463662351,8.54272565039477,11.0799348242639,12.2973447355632,11.6273613059558,13.1961099722966,11.98175905048,9.66620583577987,16.6499475536898
"TCGA-DM-A1DA",5.37728647455704,4.82355149101312,4.94804336826757,5.45142356961825,7.68732659520768,6.42402554772579,8.94381033013099,6.08490769201348,10.6734368159929,9.46166639069435,6.65428894461409,9.98424947843498,4.23645169765181,6.02487663562168,8.24858137242335,6.40717128762453,6.98762175425582,4.84934989322151,4.3276099005188,15.0714859814908,4.49648595397394,8.19666267461018,4.25144629662817,10.6801110362353,7.03037167638577,4.56073741766789,6.54965080734118,5.50148167698209,4.24912690710356,4.44180791832433,7.16797734859097,3.6308313513654,14.0667988548477,10.4410197198117,14.9046204019979,9.55250014517493,7.23034659986847,9.23753895664199,10.0369210793268,12.9236651492583,10.1477266166245,8.56176393274833,7.55531008452031,6.91314455222934,9.99659090864763,8.81766410965083,12.7813221089531,11.0768918066003,9.12366337121959,12.0691563468107
"TCGA-D5-6530",10.6445436741229,16.3124777843483,7.55657190035696,9.28910992567041,6.65001860184824,8.7869925314081,7.66634704627701,7.69913652244414,15.191563305013,10.703228000703,9.81771932374753,10.5287869679817,7.31654460716243,8.28519142045193,12.6739499044498,7.48722404950609,8.09230593590553,11.4102167391992,8.02673849984092,17.2966519140136,7.52883359551846,5.0779641922872,6.68222090030831,11.2143348754001,11.2007680591864,6.21469518136243,7.62189307428861,11.3596929589849,7.08680560831849,14.634231030077,12.3602225488176,12.5834713059616,15.8782293654704,9.98552342199443,15.8173074161943,10.5988962671731,11.748332051105,10.1246134602045,8.37853744155679,12.0394641642057,12.6147754033348,9.78423642014224,8.82722781017123,9.71244891640427,11.78482251157,11.347246327701,12.5979129368888,10.5962524944487,11.7355492781795,17.2948843764955
"TCGA-AA-3660",12.206589453917,11.6705970285456,10.3883086475277,7.46848976438342,8.98320348467104,13.0738829534423,8.41995453621534,6.39363753957956,13.1462292080856,9.83840334147394,8.18362471972293,14.2183273655665,9.82063607843785,8.95597265134995,12.0821854677777,6.83535846494716,7.52095794150844,9.15658848637644,6.2920375398078,17.0420983358384,7.45904633747307,6.24961141042119,5.32849253400973,7.13145713829587,10.6568419661633,5.49552432511525,7.1774464975706,10.6237021752383,12.7463717096114,12.6469211876795,9.76686274264152,8.40118096976356,13.9428294378765,8.23302556322216,15.4805611303603,11.1524629276678,10.1851543029979,10.9221889415119,15.060116795752,15.2573893212158,10.8059642017201,10.2801472946447,8.59133840945163,8.5626846303336,11.2038796572936,10.9149278174495,12.66218723702,11.5013077712997,9.70817276389068,13.4692522846436
"TCGA-AY-6197",11.4738158973736,10.6427704198349,9.88828521431175,11.4693073122069,7.19992493609325,7.22921556673972,8.74814783591129,6.84898389857393,16.1910149916246,10.2280971530922,11.138975272311,11.7721474307263,4.53608824617685,12.9457095122324,15.0203171490164,7.44171802093562,9.96698300460698,13.6205747567406,6.71606705694685,15.2922361498596,10.7792080064388,6.46765075662805,11.1638356935041,7.31081073212288,12.868950923177,6.5311269021006,7.10773374209076,14.7370074827282,6.32304979847145,5.70712384805593,13.5321768088182,6.09541447688327,15.0642286503003,10.2877366585974,13.9798699274045,9.54377881360512,9.40508969913515,8.47442799420907,12.5121885072137,14.1581743180678,13.7547354400802,9.35587134816059,8.76580970418897,8.43993792873598,10.5447304624043,9.5457871681475,15.9696572095651,12.1472158618282,12.5748316721923,13.304143266248
"TCGA-A6-5664",8.78843515938766,14.1097655379852,4.41753062802946,10.6363355967663,7.34531416468656,6.45196672542119,6.65007289284884,7.28447647002455,13.6061701940372,11.024897397728,10.4046452615346,12.0040458053511,5.45240778698145,12.1412313023793,14.4216256242749,8.73223581117387,8.05464031147595,8.17925958281563,6.91548367403054,17.0422777513492,6.75152689302336,6.52940583961244,8.18046039063472,7.07689895163815,11.7168608944776,6.0335751616896,8.9278860114612,7.00882948277786,5.81968375865087,9.74959430115152,9.44184967167358,9.51646558051296,14.1349586788363,8.99534025075574,16.1280010324756,11.1394051421949,10.7429452175307,12.2327653956102,14.0045525991009,13.829853031949,11.3300268853341,11.4661850346385,8.09554300180469,8.70856735403656,11.6804187086519,11.3134609136611,12.4254675460335,10.7993097826087,10.9079743823156,14.3879661556008
"TCGA-G4-6588",10.8941365562549,10.1156855744001,6.90813961399277,11.3049669607523,8.08345786422428,7.60976233165257,7.42395941480269,8.33303837092128,14.5392103507923,10.5437153414551,11.0848198240215,8.52688471421104,5.75750526093695,7.89254719376758,11.1163296778496,8.11872602015839,6.05161487353263,9.33966675527564,7.32223640017212,13.7552074137963,10.9629700910688,5.02745002646507,6.27444015458449,9.33229156463321,12.7751049969735,7.2153484429088,8.07983997213931,9.73314406338678,5.51117393000709,9.16398153929929,11.3114572692813,7.6005608756363,16.4608190139174,8.09332586931081,13.1297188461861,9.7789600673991,8.33663175369087,9.2860290802478,8.85217097528996,10.4217325587727,9.76085023371329,8.49774994718797,8.42909472045748,6.05524349509173,8.84802106735282,8.75638116287656,12.7708737504597,11.0709863631049,12.4265031833745,13.6642947145215
"TCGA-A6-6649",13.3504558120822,14.6299168955832,12.5894111351295,9.74260393874711,10.4609895914706,13.070067286766,8.45696979995358,5.74502837695611,13.4232318655938,10.1574113773313,8.75001812519881,13.8672979041419,8.89994523053196,8.86265789209741,12.869276299658,6.58515191624315,8.09323445172851,10.0870426619658,5.43848129640685,16.371385167232,8.40903871008059,7.09125228011278,6.82622648329951,8.03658890798229,10.0877790597564,5.82402616446945,7.24126689730133,10.4386259102211,13.3878733109303,11.7678249228509,10.212869466417,10.2998411348594,16.3346808580737,8.94918851221781,15.7053164089051,11.3019873812314,11.0509807706223,10.7404340449767,15.339910441127,16.2832539557262,12.5818237074574,10.3627314249806,8.20902760910412,11.0590286829147,11.8423260845718,10.9280767575512,12.4406590385599,10.8525370208012,9.37716346210725,16.413532478192
"TCGA-AZ-6601",6.45672198658444,6.08591224161726,4.04043252011931,6.44185017010985,8.0489611130197,5.54211103545837,7.72614125461859,9.0989852392621,6.32657678498967,11.1557711745513,8.9412346921571,10.6462712158445,4.26707878810967,8.65091949750288,10.6439135050786,8.44896117211976,8.1754211967636,7.77236877751066,5.66580375200918,16.0161498933734,7.74633260005358,6.16093252447249,5.48959187209542,11.0114736845412,9.23017528620336,5.97459610786625,8.18016694080524,4.76040877786704,4.28798022365004,6.86256765104166,10.8647786126808,4.24305480015951,12.3032296784007,8.64604124546915,15.5418616696241,10.804342750173,10.2242084543503,11.6705220586827,10.4009875977225,13.6920624143994,12.3780452070946,10.0558980746334,8.28220479107107,8.36545547401021,10.9185143652422,11.1967304511099,12.9099099240626,11.2799337592419,10.8892515461635,12.7177244498973
"TCGA-A6-4105",11.6619204483644,11.9668491679149,10.5221469990375,10.1947395845328,8.10129315776241,10.926894680943,7.98420289019157,7.23171198533002,10.3115458463643,11.2123137616882,10.2839733564511,13.0418045711693,7.65276093809002,9.75148707509627,11.9643710822156,7.32111706085373,8.4691491497018,12.9474233253666,7.04876466602231,14.5557913562216,11.2522976049605,5.7836100302587,8.79331555536073,10.8655612470962,13.0948738919339,6.61399486400749,8.67894173974209,8.24118738334493,10.4010914266004,9.52074114290976,13.7973847831839,7.37274230022498,12.7972036114344,9.81803144074262,15.3301132560978,12.9212505118036,10.2446017536837,10.0444617087753,13.8020688765548,14.4483541686672,12.5870358410406,8.51846428738236,8.1914441849981,7.9056764112177,10.5407060385139,9.68457602501192,11.8511324542779,10.7348825570715,11.3128773125064,12.7323273459602
"TCGA-AA-3697",11.4158222068602,11.2872873848687,11.1665828532484,9.17469719060525,9.45452159316357,14.0646000688081,8.89366012045767,6.96913321291788,10.790205600773,10.5807370924597,9.39805187681552,14.7952568048686,9.89586383917627,10.4925296358784,13.4428991639143,7.0699925868101,6.96105779652648,11.4601844377209,6.61549582365343,15.4068798159594,8.80927895519281,5.50611845655615,9.19092332562243,8.73465331983953,12.146850702705,6.17457091373678,7.3107175644563,8.16268935297938,13.0000015084174,11.397082750147,11.2194043374103,8.61636030125053,14.1622624461037,8.76266496014705,16.0784912018866,11.7236083500231,11.2835152666236,10.365691929621,15.5616535920975,16.417826476709,12.2518289651936,10.9731108574247,9.13211113979457,10.6079405378149,11.9638594813527,11.8471745182111,14.3346034104122,12.8943608109721,11.6511845878437,13.8907523739044
"TCGA-AA-3496",9.85999639481909,9.32220842458902,8.15093753697969,8.04772991223442,8.28935624041549,13.0702487229312,8.89030257137582,7.850852557025,13.9524746774419,11.0749935573686,9.228918673677,11.9023430740014,8.16036703589137,8.37457632128744,12.641985189784,8.27686535547071,5.6502120721426,11.9315270666869,8.09685051008727,15.977534123521,9.31656270432959,6.4533427037368,7.64998568118625,9.83309692743831,10.5531276617601,7.06014760386625,8.46913428131804,12.3492997400513,6.45557177771429,5.95363995448755,12.0480752354261,8.36359537303604,11.5845281144508,9.19098017294526,15.2987609527307,12.102697381055,12.4084489612325,12.1480172153169,12.1596166505337,14.4770808753544,13.2234763783567,10.7857701411138,9.63857521322859,6.95537315612984,10.7720773751829,11.4114201449707,13.0120848963561,12.3532451960896,11.9536519980843,12.1223261528023
"TCGA-D5-5538",9.91420705286258,4.88056943228845,4.65420989306582,9.1120814433575,8.39478012951599,10.032931723729,7.68252449152531,9.49649456540918,10.7420950818693,11.780107306807,11.3749391112708,13.027633104977,5.17575962042184,8.25616201875006,10.9863452708357,8.26010110139855,8.98556069709799,9.60216261648282,7.56258344006288,15.959561391167,9.67243928184148,7.30331805154941,7.16556339100329,10.770199939619,13.7329212524018,7.1204696678896,8.76308764676312,6.38903565056792,3.86021822970985,5.18152070413665,10.4883562117577,4.45649990924953,8.51626553160013,7.37309038309125,16.9661292125274,10.8392976681392,10.5956743573141,12.2135881353053,11.2257965495065,14.7133060843248,11.1616280010144,13.6444699221173,7.85500043551781,7.01815678841622,10.310004501387,14.7624058563284,11.217728110232,11.1302420221782,13.7107407918181,9.05453334977081
"TCGA-CA-5255",11.8430166827681,7.35711437118384,7.60174540629692,8.81346456705694,10.7389965654747,10.7255166912784,8.08454070895365,4.83058113554277,7.2826410272015,8.08324338716431,9.73068054858977,9.92241693861414,7.61901777991199,11.3132027006326,14.3831258808223,5.47517651553538,8.84425807647521,7.17394279186281,4.81710636331682,17.9375508086771,5.13428595911308,6.10146950149065,7.07629789807769,8.02325346448423,9.52573440141057,4.13388695584935,4.91562815265114,4.25871241492688,6.87589694346253,7.71962130175128,9.42301267729749,6.97380845860907,12.4875005199446,8.65473636784012,12.5892907388995,7.48646454459731,6.20985290977186,8.29779246704176,10.1301034260484,11.2143981699364,10.9868883718573,6.53612651066715,8.09876003695391,6.69675383343182,7.98601329116169,7.16646080862958,14.0707364610336,11.6662187894595,8.65908964876326,13.1342529315285
"TCGA-F4-6807",9.93459322098735,9.78025029346588,5.9611538553126,8.11977269878527,8.46469723150164,9.25601515453173,7.44878913257929,7.33229584552665,9.26426303256709,11.4393138541321,8.26469348123308,12.2392169109059,10.2144243714671,6.63521284987302,10.3427284917175,7.39493963304578,8.15520229234379,10.9076443314475,7.30560479944405,17.0898861738367,5.04719364182104,6.60238600347166,6.06445070568861,10.5320146775175,10.8661116281104,5.87426938697653,8.29027139542633,5.5091244272698,6.97538418100609,8.66652351908898,10.9072701377971,6.41554818777791,10.0676585344658,8.59666032117972,16.9378366940406,12.696023346004,11.7160971570378,13.0018059628254,12.5775217300583,14.4813618099111,12.5071056671962,11.0425264137722,8.55755946502723,8.86239215209419,12.380539492853,11.7937784853007,12.4297385890596,11.4923386378367,10.6562658153275,10.658752467376
"TCGA-AA-3510",13.1350418461828,14.9430010762637,9.87357487676559,8.07799310860738,6.33496627639219,12.2562981346949,7.79306635753935,7.83433561012276,11.894230228848,11.1388240751273,9.87346887934294,13.817077446274,9.25157455077334,9.31308336400714,11.9668565604306,8.33580419103322,6.64188464845703,10.8062742081182,7.38239241739808,18.7200400476012,7.51314564551482,4.35959622307743,6.84149315241718,9.93445670901463,12.6766720231584,6.55366647214101,8.66607848696651,10.932394528002,10.502684786824,12.1884409369457,11.568033183552,8.8728154422076,14.1849382323005,8.91337588835723,16.9446339973315,12.1770533391842,11.5586758918811,12.7670079014903,15.7069914388921,16.1858588644961,13.4241966915588,11.7205661858976,8.19830468889807,10.146655268088,11.6623092011594,12.1176920513446,13.488256354193,12.9511137496582,11.5029039781839,14.2281624977749
"TCGA-A6-6652",5.47040677026427,3.79191746153791,3.18559889108541,6.85044054372126,7.5790321729712,6.74315600688597,8.5482824052655,4.67908235526053,13.349423651281,7.81569856313956,7.54173738720099,4.70749916174279,3.65521765295916,6.15893661301862,9.45900599717866,5.56853329576181,4.18540147765681,10.4072109535496,4.83711669204055,7.78771054072796,7.85546059778741,4.59448473769598,6.46477301796057,5.49117159504433,9.59969282026776,4.25945286210412,5.52659426625809,6.9013429689984,3.27609463445921,3.79054737730821,10.0862701789714,3.25228379450494,7.94882907198367,10.3155144126145,7.19170049466235,3.93683967459794,3.15444067782836,3.88830087943687,6.42296060632105,6.37528043757231,5.06733341946307,3.52021131932378,9.32556476336216,3.54706676915092,4.76620130665001,4.03365084118472,11.8005669124468,10.7341577582869,7.51000656647273,9.67116792942355
"TCGA-D5-6529",10.5901095008247,11.9977480550375,4.41967726495802,8.31033469275548,10.5788197491898,7.57232960429896,7.56218951919297,8.98918725935959,3.84180464273429,11.5278870163624,9.73103360670093,16.2365463919446,5.24578095681353,9.91421594978817,13.881153170509,8.5479666463424,9.84296311457627,10.5446484809336,8.75442782331326,7.86245662421943,7.85079467082758,6.15535645425494,7.13815721714896,9.31911605159944,11.5504042781396,6.94068776763782,8.48293609963302,3.43808072493629,5.63263606856176,5.20162185315479,11.412437491404,8.29577229439038,11.7089291558357,8.97642232947559,18.4471629194716,12.8821705249831,12.1797442497673,14.0647181563653,17.2287329416943,18.3498777739679,15.4448669986539,13.6237229443836,8.6492745152268,13.0410788281441,12.7857794099061,13.0288139853602,12.0957834126663,10.8075207125282,10.4932466626159,12.731984418822
"TCGA-CM-6676",12.2541959925742,7.99566681457766,5.95586811371624,7.02680883329471,11.6152352319738,14.7786499593274,8.78874566699766,5.04339325743833,5.95160522056592,9.32874340395259,7.60821757979101,9.07361225972344,7.31876415038841,3.92360095943244,6.10478690794523,5.84467028934456,6.01574097084155,7.384297628345,4.4306183019642,8.50216689308962,5.94127418950866,5.85440747409057,5.87755715162311,7.74060514723806,8.91701888783401,3.74240661531761,6.10148939317691,4.91009241676,7.39884701396507,5.45650607325867,8.48478606776202,5.49394022015273,9.33689700131228,7.49901551818293,11.9213055829347,7.12409288422769,6.69668990371883,7.7409612491655,9.40625065676198,10.9909926981559,9.78827966688137,7.6504283444493,8.88391757182584,5.85119750619609,7.8294426347389,6.46263241623725,13.2336241650902,11.7077210548812,9.23032856522094,9.8848127219845
"TCGA-AZ-4315",8.83502096983299,8.58507781098948,10.7048713591984,5.19732392053612,6.68292120963638,10.0432070296936,7.09389105665234,6.68629071308747,10.7186980961385,11.1104148807219,7.67793771683202,10.623900878914,10.4425873666679,11.2236132830921,11.9667367112859,6.75996910721042,6.75968307258894,8.36128883011693,5.44929559666285,18.1142754719517,5.60926230875987,4.90254173066084,6.15819832561837,12.2103685670663,10.9681748324604,4.89553424580204,7.19782737762949,5.72214003963027,5.57148706336628,7.27456374301608,10.0885709359944,4.96748247155177,10.7742879813976,5.90982906083264,16.3067678202612,11.6546032239739,9.7320557340369,12.2938386397218,9.9643418953155,11.7964402804721,10.5279860276586,9.64505874060198,7.32410087248548,7.0460512315105,10.7057397769219,11.963881507186,11.3375748562425,11.6297875919885,11.8031997005222,15.6943124006137
"TCGA-CM-5349",7.92471412841128,8.915433811887,7.38726009171256,7.19769266347024,7.39173209975036,8.79628722050099,8.37862052938559,8.68460954752689,12.2323648902749,10.8699086904166,8.42467078421341,8.51211478235691,4.94058227461282,7.19410415893831,10.2308493458822,7.25434800839268,9.09965416223211,9.70054542911704,4.41860816723908,14.5220751564602,9.03539478882789,6.54441834865754,5.85320580303017,9.4511572546411,8.80934085962163,5.69621225491099,6.8126912909072,7.69011484485456,6.53456289655848,8.25204447659464,12.5053037473406,4.81814081996971,11.2344331175738,9.42466051568491,11.70312161472,7.06245554606991,6.00808490539195,7.31143831701542,8.5152371103368,9.88057579817941,10.0477157697493,6.11295695240135,8.6986678209293,5.47456699925404,7.13959397505159,6.39089098170146,11.9838588278579,10.6078008262949,12.7784716825834,9.71572994653513
"TCGA-CM-6169",8.8196187525433,6.38364562290798,5.34362269288252,8.79155468964468,8.04510810183861,12.3803114985882,7.26540688435038,8.51141966817699,7.06347703185727,11.9779701773868,9.33950057938809,13.0027574353035,5.89870559776015,4.4772735157004,6.15978364695319,8.18560837967675,9.37369580447606,9.06060904362814,7.87345170420126,14.1141991300206,7.53347067752541,7.27424544287271,5.75426428523267,10.8417509713723,10.6974784794148,7.25026558146242,8.6942297742358,4.8720832669831,4.81945819211111,4.91879961972971,10.3923160443149,4.31271342245625,10.0616104584731,8.42672953371706,16.7112483749274,12.9799074086293,13.1287546199658,11.9219196894261,11.5003084714811,14.3200904745538,13.6097052352171,10.8019354854222,7.96821399393644,8.2390055523148,13.8132829907414,11.0252814944484,13.0424492652461,12.1541462417831,12.6110066097687,8.52783345900798
"TCGA-DM-A28H",8.89013705741179,6.60073977345525,6.40329131729712,6.53392561117012,9.93611400558377,12.9115580352802,8.77477409925207,5.29878806453923,7.68532622761044,8.70248247443416,7.31974192486951,11.4543994597675,4.57068159103477,4.31171982996098,6.1805350960273,5.46468867687408,6.46951288953869,8.87412103934015,4.59877627028304,17.1912159550896,12.8955492470482,6.14646495262395,4.61627725541612,6.94717744404672,9.55121425116886,4.35312370746697,5.47262954184458,6.93233673139582,6.60044283149424,5.3544567613034,8.62851060128959,4.44096475391341,8.76981325228171,6.55498274743343,14.617765320948,8.81713164245498,8.10188430544718,8.86006030851283,10.343617714122,12.8510503339818,10.7945951273382,7.04024485355288,8.40162158012171,7.55975141449852,9.95617529723422,10.1592479592142,12.9646221003146,11.5911846666871,8.56831276464238,10.2686482177385
"TCGA-CM-6164",10.2525321009213,4.80228964826249,6.01974019110501,6.96387657922981,9.70854036740213,10.5956845821946,8.42559760849429,6.99465485830012,8.12771126678699,10.1382286119195,8.7567177666701,10.6254889224387,12.0281316601302,6.60229042171883,10.0308889538145,7.80762910608865,5.22416378985683,7.70045263499232,6.35713154267496,13.5428768254292,6.07477783630664,7.55842067827379,4.94818133492935,10.1314557676258,10.8816251876294,5.23041536184281,6.52182987037892,5.47843664959092,5.78212350395816,5.24370214035249,8.41835913966719,4.47869687874488,8.95071125071577,9.27752429446748,14.9778026645931,10.4130191056234,8.74630678861691,10.7344926868584,9.51296990137358,12.9425491968444,11.0393813056909,9.1007622148054,8.6445332151113,6.6098572754421,11.0726558059975,9.03119377838018,12.4108123535336,12.0666294972024,8.03347044950173,9.47051749616281
"TCGA-G4-6306",13.3309576042326,10.6366733066974,11.305651691612,9.30827378186878,10.9126621968705,13.2911206440681,9.52064184981142,4.2758988352745,11.4167497838335,8.7446425726445,7.84090366037336,10.1628986778227,8.17045099175749,9.05215253118396,12.2256285216781,5.54740921000304,10.3360072131866,11.2689002813371,5.04768530427838,16.2727025053121,10.5591408936277,5.51210752956977,8.26104941989738,8.27958990770383,10.1428630162071,4.38859867118007,4.77040159582914,7.16993612632132,10.3957838237855,9.85097295073563,10.7878029734558,7.81022668079711,12.3839497651945,8.30964142851978,12.7666039772135,8.1426599632147,10.1684375925192,8.91136022609953,11.4104147051372,13.1928022389967,11.0431392835516,7.92134182870577,8.73328480028357,7.03103928635495,7.89934113697671,7.66014835965191,13.230356929814,12.0084054313618,8.03598155953427,13.0569421230677
"TCGA-CA-6718",5.28565152541232,5.82967421358342,4.3248976957909,6.2988865311632,6.93244451819721,4.05317997173469,8.10877405306397,8.39404696300283,8.63041114588033,11.7689087794641,7.47294377782708,10.9274170794508,4.14499083870167,5.31079326973705,8.54591678505177,7.88005003068602,9.41603311337076,7.81045337170731,8.51077171691177,13.7799047393621,7.16182738763131,8.27267914392449,4.53024922618943,14.6012000860561,10.3127841086113,7.24043833114865,8.89015610080114,5.04909801277199,4.78220717450413,4.66816910308081,10.0348220950094,4.00912070800995,8.7047594718468,9.22196432662686,15.8755928362608,11.2505482069164,10.3400410320017,8.99369620942774,11.7372388932116,13.1278661823415,12.9475469380149,10.8952059421928,7.74298994851873,7.30259202375347,12.5037173073666,11.1398390173129,13.4758782682027,12.121966674355,10.6340488655143,11.5798335759652
"TCGA-G4-6311",14.0916977682979,12.7280105519706,10.8913240754915,7.73452217028209,10.5816812157703,13.6197650017965,8.47651841511858,9.16019597129778,12.7958391695341,10.5755214398203,8.83483375873205,12.6912607449973,9.33670797985661,6.59455771762403,10.6997196081499,7.04647695270873,6.63707744433442,11.2777336229199,6.16590926168713,15.6955869721935,8.3955288349733,6.2986395909031,5.45281294927695,8.91972900268507,11.1675849227447,6.07342149013158,7.45237707316578,10.787910602408,9.42543836934606,10.4144166775313,12.9503722522339,8.13893476998584,13.2856386422301,9.20371580889615,14.7086046312711,9.79579870544783,8.91361100616345,10.0036166369381,14.5292462827074,14.7849458486043,11.9238409269186,9.90273204487992,8.7068779336623,9.33983195632375,10.369810711418,10.2931616397732,12.7969441911344,11.5110453956479,13.2613021685433,14.0625892623668
"TCGA-CM-5862",7.35563013190475,6.2854241842714,4.4864366960842,8.97534593455748,7.11537061975638,11.0287106121477,7.33790267294499,6.13648146509351,14.366841515541,10.1098439204538,8.51176034452135,8.84757469823132,4.98376880768601,5.45348715332404,6.37424313110774,6.92487069441242,7.08834843427194,11.3080532869435,4.62611950170955,9.4241368171711,10.0675286407441,5.36290274981962,7.76109707450696,7.43292435194442,12.2954230077002,5.30248798488223,6.57853366065654,12.2782905658218,5.28114000159469,5.57909217127918,11.6603984638327,4.55398116458246,8.72211028922734,6.51492747437781,10.6195848953158,8.089467801844,7.39350321391328,8.52942520143181,8.38448136577976,9.24945227490285,7.26447295814746,6.49377885828209,6.89901593499726,4.96153873294375,6.3537931951019,5.44152683154298,10.9757411501446,10.3266950326185,9.02762488562132,7.32485180283425
"TCGA-QL-A97D",11.2751392326953,9.61729778859748,5.88168891176963,8.75317136627357,8.21023920146317,11.5965533374121,8.95074205004186,5.82070079328462,8.3230261553242,10.4800951248187,9.28408134096788,13.0279716668059,10.1691816358996,7.40257340885989,10.8579646059703,6.50627017622204,6.64668187185764,10.2325362837945,5.54689405361778,16.5881834005996,7.12466405251558,6.07277505023269,7.71459193538739,9.16984260503491,9.93894519442751,5.13094707426688,6.6997078961413,5.61016329862869,6.06880216639848,7.54587447330527,10.3608144494311,6.40378085371272,13.2321001115152,9.02157325352533,15.6087292138855,10.8107497509264,9.98521729888232,10.9253942653346,14.3594850334981,14.7855066774606,11.6385370269851,10.0479426339581,9.46350257584868,8.59810999896919,11.3960738093431,10.5691530127375,14.0342428708922,13.0458807487323,10.3412164854232,11.6266039268212
"TCGA-A6-6137",14.5257111596818,13.2193254330526,8.36329741984871,9.96419803289628,10.0419342460986,14.8323333890553,7.61583401947389,5.59942161554327,10.9722351474022,9.99300811154099,9.32871893218123,13.9152612274545,11.9619608030353,12.1282776970089,14.3006375219293,6.14722313344981,7.20573175973824,9.88206585304473,5.92541882770555,17.5366680156824,9.17043222894049,6.71964477786277,7.14665681789998,7.71887384688423,10.3095718422883,5.48340183295535,6.69118702170096,6.4089310877608,10.3763400213318,8.75252150059444,10.5009322119386,8.6599391844232,12.8450780844684,7.0206214362996,15.618251512894,11.664781308484,10.2989010032602,11.3352663211063,15.122290295355,16.9728064208492,12.9748865766591,10.7617461797132,9.11460746543459,9.63545500127939,11.1694953942521,11.3780576011944,12.6657557492101,11.8383170028971,10.0681171836517,13.7466240958127
"TCGA-G4-6304",8.50378762183286,6.20243886137055,5.81828004874464,7.25420911133767,8.93556531290979,7.36080293953192,9.50441787682257,7.10755289436568,6.00527622458718,9.47233676648051,9.32996892843197,6.230009288714,8.3486029164451,5.98376596057764,8.3390167860313,8.00036131716997,5.4556456460923,5.13759591543151,5.21619953397754,16.8026284168641,5.45204022135797,5.56566106842937,4.16341609542087,10.7561577374959,12.3607555271526,5.64006399036812,6.97528279503821,3.47596102506005,5.4887925620357,6.63396489539982,7.74600112335357,3.95495113262674,12.4284144011233,8.71765217560482,10.2218759012618,5.38900563393965,5.77323334673946,5.73631464638747,6.54412923275869,8.33520329961418,7.65989039979821,5.2587699840939,8.89795379161121,4.15582605872264,6.27348368848405,4.2002579105427,12.4313819059832,11.8284968665486,8.11918381786581,11.9831816061785
"TCGA-CA-6717",12.2255852860084,10.9219728916228,7.07810883078756,8.17759179882007,6.00209485233805,11.4931563584665,6.32348417521632,7.44247400883192,11.4761111687251,11.5443719394858,9.51545754697648,13.0307304454236,7.31263818553772,10.3519499868742,12.2627086525252,7.68345816244827,6.73318249970142,9.09479182137793,6.76779900803576,16.0452276008105,6.34569640771708,6.40500252067947,6.14765745465102,10.1661657047319,10.1397439316356,5.89671811753378,8.30596504262045,7.12093205509691,8.14611101061701,12.0591050893668,9.65865747072992,7.67174557561968,15.3832078137823,8.28926551543185,17.2295736379873,13.1062854801151,12.5282345956707,12.6597695497218,13.1547177741939,15.1704259209857,13.7272549961194,12.6198159841901,7.33703835832736,11.0754242119448,13.1025290995539,12.2740166661508,12.126395888803,10.9411720445489,11.9603507907761,14.4991719045403
"TCGA-G4-6299",6.46181143529801,4.5137452325935,3.76413171575986,6.03336371037231,9.22939816622877,5.51838618768318,8.5200431299,8.00838608792047,4.55609601266756,11.2861293725326,4.93677982546938,10.8195673208491,4.48382584453737,3.82770389653477,5.5322711771947,6.89579230119384,3.76446833728614,5.32650671714088,4.35700370982091,7.33744296115132,4.50545982111737,5.94712689939481,4.32721194771882,9.4160677680825,11.2748588630142,5.29222666232416,7.63539739004091,3.47596102506005,4.10841856762741,5.4187733729396,11.7116191931681,3.95907451577623,6.1575468975561,9.43431680293817,15.8759612874968,12.0574769078136,11.3717676526551,12.6927051248758,9.58820910611101,13.4928368041041,10.2470695559954,10.8711516874474,7.57612460259056,6.66064324847317,11.1595062994961,10.7447002544589,13.1011768569054,10.7325634050024,11.6326255314381,6.34696235279447
"TCGA-D5-6540",6.92254642328241,4.68313601079511,5.42434226353687,13.3522071677086,9.77439587850172,5.78057044309574,8.77288015605637,8.25400685470874,5.9432136377206,10.6605212868137,11.4715857985003,7.0456623446872,5.5934299217528,4.28417531911457,8.20673531762924,8.85800815112235,6.10492778938501,11.0587835596233,7.83694574752819,16.2058422017546,10.558023786047,7.30321559733417,7.11817107923808,9.63465317949839,13.1009070860754,7.45278422162847,8.57805317070263,4.58305898052229,4.57569728896638,5.20248579597701,12.7301556621927,9.02948466428845,17.6568774736626,10.6617883204513,10.9772218041688,6.75065143235711,7.05801023649873,6.64661063150375,7.30793847132825,9.59273479470462,9.35608306510067,6.95281077436021,8.8192304622944,5.74989460166589,7.18687562543922,5.6093360173154,14.1798631555376,12.1707068877326,11.8371273677477,13.0433146031107
"TCGA-A6-2686",6.45321340926315,4.88413412272047,3.89355343134117,9.59003407737124,9.18412594693736,6.36589111894219,8.04746308870404,8.39895317103582,10.6016623839607,12.0614217676731,9.83590414387926,12.4872855845891,4.4781566631634,4.89419519020051,5.83948709562292,8.13020163615516,8.57945584346066,9.19889119067108,6.87232957481324,12.7472583424747,8.20128632120783,4.99739572394713,5.39789729200318,10.3787424725257,12.2066118665543,6.73718461970138,8.5107441361886,8.58222714652949,4.61253921029489,7.75103040406558,10.5237933914577,3.86690208170391,9.5549215792288,7.49625997594353,15.959236550868,11.4439951843049,11.1099321197718,10.5433721209257,11.0123184432315,14.8081977898976,13.0195767786683,10.2637579902106,8.31797735461766,9.32942169061287,12.1321897725096,10.5114871742737,11.7319352049191,10.6994721016042,12.6289455784405,11.3827395539079
"TCGA-CA-6715",11.945134544695,5.68845698350721,4.32709258892944,6.23408312599664,9.80495311956345,10.8097423752327,7.24807470865149,5.89886825340931,8.25803602991218,7.92894478709355,8.79462057250563,7.4954721394751,5.31153870216499,7.78314217379627,11.5286094839017,6.17568923670866,7.75948987414826,7.01603041014818,5.04642634058537,14.29333474871,7.70104486812314,5.67495353095397,4.96663480056411,6.49656213270896,9.83153303012967,4.42053077041632,5.94864366179763,4.92263042291741,7.09792938145865,6.04343443968428,7.99620013725472,4.54252427901435,9.69461621431649,9.16312684425102,13.3142254296207,7.87237602242019,6.85956791825639,8.12080140402655,8.48886965274108,10.9525431077434,6.73851935557551,7.41120291047418,8.59580332919057,5.91469908152239,8.46427842639099,9.17294859137024,12.3744015300733,11.2414757547196,8.29699878861435,9.7324314981208
"TCGA-A6-A566",10.5775816423082,6.23230611731801,5.66745513847371,8.42548861233546,7.77247777194432,10.5973774723494,9.03662138914119,8.74655255856834,7.1345443409237,12.2022681530347,10.5372111030839,10.764212914143,6.39127438120331,4.36729343347801,7.45055757741939,8.87699818091472,5.29036396978438,11.008591300488,3.77911260794195,16.4067019099158,12.2455563037241,7.33833287639391,9.2197009406279,8.19841301839782,12.4747768282526,6.14409067308828,9.09200402148638,5.95869295335002,6.40228034596655,5.80380887579522,13.047512678406,6.22733894063834,14.7148508519833,9.97493528110496,13.5153951104737,8.80876724271361,8.72699400417788,8.23758766699828,12.500649746343,13.3715743927792,9.98027013056231,8.36451352429821,8.81477062162379,7.04200377564038,9.44828607001106,8.54345213366898,13.1979882923253,11.259198100183,13.1805623576259,12.8930377545918
"TCGA-CM-6167",10.1993693627906,11.9189780224879,7.12616328120801,9.30957484433077,8.02017710661422,9.65756530869904,8.5141942051995,6.01855423484346,9.32430023484009,11.4863722796869,6.98962277913987,12.3646521784909,8.43100739021931,5.11868814074344,8.16890879844684,6.46024870654238,5.45852574767238,7.81102020396775,5.12077023603325,11.7203620459175,5.08960419160866,8.58391248554593,4.94109536487526,8.6036511453152,7.50952142994144,5.08190504462126,7.55402406755943,5.78337682024537,7.29780164149453,9.40993321486157,7.95495985306282,8.17976489313188,12.7155545268812,9.76427528919839,15.8465068695305,11.3803361191817,10.1114974470362,11.4713669061329,12.6249082364311,14.1695975790851,13.2000864659822,10.732360363205,8.98830101244232,8.3862732297082,11.2514758463489,11.4177102461058,14.0790297747169,12.1266761919258,7.12878972353047,13.8641170761588
"TCGA-CM-4748",11.529467516636,11.0585828334457,7.3058902052426,9.36678826296354,9.1361875404811,10.4502518536307,6.88360414180356,7.43800331938205,13.2253525789585,10.3878705593308,9.05769988073584,10.9059404865421,8.1860257204922,8.63881265492557,11.3029289487185,7.08052606258077,6.59803977746652,10.5718521880384,7.45802251689255,16.7433042206003,8.37591939089692,7.26673589300039,8.37450868039483,8.42095348966284,11.4553165432766,7.09108964200821,7.28004142147024,10.7763339298183,10.5275506514309,10.9962471469789,11.2289604749798,8.53625389850724,14.5913362872622,8.75140412935733,13.8670564889576,9.47827351847892,8.30662931936659,10.0224012910561,11.5887223688786,12.837333592821,10.4338777711175,8.62617402675355,9.46061546776555,5.25351648050399,9.09267745089782,10.2325620290831,12.1447453154284,13.5028708892549,9.60170391572469,12.9163363676434
"TCGA-F4-6569",5.28250376387891,5.17127170987805,3.97259239850129,7.69781980075973,6.11084543892969,6.67458422453623,5.5123832799469,8.89949408498191,10.7381736202269,11.058534752459,8.86262224817152,10.9038404630841,4.00530551326934,4.57105079283902,6.38483499908727,7.47905605234097,6.7097178683646,6.29905887460562,6.61550336515955,15.6693534658705,7.26942752129587,5.92660868963419,6.06008598044882,8.58045222694216,10.5920412163435,5.87509338112488,8.75702698910496,8.97984873557174,4.14233372837353,4.36684338682847,8.84703404874081,4.26673691489747,9.59693065797308,7.37305102447252,16.2159503137,11.664040257007,10.7028839534989,11.5538521573697,13.1976782705656,15.0793210561184,12.0202775025399,10.328419092446,6.14395481303218,8.90164474282866,12.2929181412909,11.247760245085,10.5726169218473,9.60518423314829,11.2363357591531,9.48463247234794
"TCGA-CM-6678",12.6541990330733,10.1565823247167,6.16146099596967,6.01597063096791,7.52029306251011,11.8229725814158,7.04258572794506,5.31797807008173,14.4940120113313,8.94723898398962,9.00551039433711,8.87166033731312,9.21942806961944,7.3204476656241,10.2508568656787,7.13143871725188,5.83976989983821,9.75429425399825,5.51821081803208,16.7781387311998,7.85588537375383,7.64581649380806,7.12215223344952,6.12280808339656,9.92510616742217,4.42932484955999,6.01140543978749,10.4466402683229,7.21590830446086,5.32529123501363,10.5177127632973,6.46434609845993,13.2379789187184,8.87194339197936,13.0647472905886,7.67018590388978,6.55363116867585,6.97270456715872,10.6484703526395,11.7957356714028,9.05419396925874,7.7825701372512,7.75827069492883,5.75498002758505,8.20710479527401,8.7142340590252,10.5412236842078,10.6863712776919,7.65553721821669,11.1728879293534
"TCGA-NH-A50V",10.198135867993,8.57329865494926,5.55606214114287,10.4425789807763,8.02555867872309,8.01564016745183,9.70163536085306,6.39472683502846,4.94141774288738,10.1501764757833,9.63722917322721,13.574342981467,9.85077221035553,12.0558248821192,15.3928183662064,7.47734128393878,5.76779113960325,14.11732952885,6.39385932423362,8.13829640724912,10.9983569924558,8.84715219345571,9.03575628706176,10.0444395853792,12.9696584031379,5.87409441793233,7.423798812361,4.00143190998296,4.17291231182518,4.95057376372288,13.4133389908649,5.03178403270445,14.9623812856592,10.2290550129121,16.5342201523923,10.8138650182597,9.73564588844431,11.7285142414704,15.5394058615968,15.8626330754455,12.4721378012587,9.08771294523096,9.91615982777349,12.1881478334322,11.5978652994689,10.5150694479209,14.526977962435,13.0648093493121,9.64388541581383,11.0355076939044
"TCGA-A6-A565",16.0253061568874,15.6197338334736,14.523642605988,7.37436005977106,8.9549365855982,15.4056307576732,8.06094128819226,7.12367420895133,16.5501356658575,11.1616636075228,7.63323898141286,13.7342664773506,11.361352598771,10.8445280280979,14.8889839772926,7.89018182421627,8.14019098356684,10.4124180547271,7.06252007619085,16.2316793376628,5.16764647300382,8.55208756415931,8.45912280681417,7.8889888079489,8.99129188348289,6.70678971985788,8.19281651408431,15.2691563937792,10.9654667354816,13.6320123006447,11.5074281457518,11.8092481967054,17.2401043296461,10.0749311195618,15.8172072679208,10.8430095515484,9.77439703996996,11.772015237109,15.5958571149233,14.5427647108659,13.6286325963326,10.0725554077015,9.64888497610705,8.28224836833856,10.8909949975442,11.0323960237639,14.8045010990934,12.7333954019679,10.1016964396333,17.2038281159084
"TCGA-AY-A54L",11.7282091938615,13.6084465883787,10.310209953714,8.32718812169684,9.5771223408624,11.0607845270621,9.06583132991265,4.69203108377823,12.2027827639914,8.29724371447946,8.98425280612681,11.1440115000139,8.74295212115005,9.6169150859295,12.1485023131706,5.50327743603273,8.30779271744108,9.13557883189729,4.57483719697767,15.7977481214421,6.46784301145287,8.14131044107332,6.4455760377102,6.09403146543836,10.7879369250742,4.07191433986758,5.01690013874162,6.7377863424734,6.50856891369549,12.7871616819025,9.17757963380121,7.60124861122538,12.9333174031781,6.65323260975267,13.7011357192807,8.40796830404712,8.54346539723199,9.24857253300985,12.1688171969977,11.8224229969222,10.3018193346707,8.15749499832018,9.07865070086792,5.32866400334788,9.83635630130881,8.43273336885443,13.2876046815991,11.8541199814689,7.49019082690666,12.9485005520277
"TCGA-EI-6513",8.87601657886459,4.01290336844558,3.95197695341792,6.50212417544974,9.21719165220513,11.250307015839,8.03823210996118,6.52356098163977,6.65416397588332,9.57649980371794,8.42769105974568,7.52841516311882,4.04802107895278,5.25470868208234,8.75669319151601,7.01540511905059,8.95101871151423,8.78101795125982,5.91088986675497,13.1221794457862,6.78699819814297,6.21967566387325,5.47599125676692,8.87674060685128,9.83688846278303,5.28438763103956,6.91994070745462,4.807545935633,4.08377776747275,7.27968473827913,10.105944212488,3.90553151187265,5.8724120445815,8.15340629203755,14.2533895329779,10.3879427362166,6.22953761427289,8.82885759811623,4.90314133658706,5.23427274757915,10.8055270465998,8.38461418748397,7.4553302115179,6.77111300366629,8.94579095933851,9.19011536246872,11.9218471559861,12.3406034672276,9.02166998840335,7.6911793879849
"TCGA-EI-6506",15.2701443213568,11.8693970144812,11.5127347120101,10.2697957952501,7.29899207225241,14.3795278172693,7.04631806176712,7.31497562454244,7.77704043674233,10.7150060371984,10.9695401215082,15.2042156453123,11.6372118252448,10.5125344401309,13.1561167773606,7.35536625520035,8.27607515349918,12.8331031614431,6.73763816248891,17.3886151087313,9.68872020952893,5.8574395076527,10.1954949498139,8.12585507170311,11.9852062545273,6.38637247563227,7.52838755129376,5.23028396317611,14.2993630101296,13.5956447849051,12.4701081974795,10.0869291800188,16.6583880982792,8.63826080221714,17.1238276246071,12.5448864983585,12.2321479457727,10.5539153770025,16.723391706991,17.7589871551442,15.0475442369661,12.7164720318639,8.7144843413853,10.7672971091629,12.2429796597729,11.8323171532681,13.1814503502191,11.5240468791479,11.4417945303904,15.9372027099492
"TCGA-BM-6198",11.358349804807,11.5299739569704,6.17582202624792,8.64807437070815,8.61872192539807,8.71007416254213,9.0515237373497,7.70319220764377,13.6559150829833,10.8928366628281,9.34293178258203,12.9159980939363,8.28064970280643,9.81753229634816,12.1444993607881,8.22234386121195,7.68602951141323,11.2282557037445,6.78725916850154,16.1575840315422,11.0587399707711,6.7360002423165,7.21822086085242,10.5015729976936,11.3499628451708,6.23669918402342,7.76402983702244,10.3537068771899,6.7120119559366,11.043113202523,12.1162887889247,6.59246669147747,13.176686939045,9.82715657712314,15.817426632112,10.6351832640859,10.5866930782258,10.4781309418112,11.6523983168654,14.5248080116681,12.2276683340888,9.5365865839776,8.7153654087487,7.98096681451687,11.1168663934235,10.6061845385332,12.7114892046532,12.1850645118421,11.1248023891162,13.0685010841845
"TCGA-AF-2690",9.76611984487412,5.79260683631464,4.4199524772358,9.91376948230456,8.86801261053022,9.7015495409182,7.22102159842862,8.42308018889637,7.51975972058991,12.7950107870811,9.36680549844474,13.4906680367447,7.24293256155338,6.37902202160927,9.23589727190313,10.0246200556703,4.55211816245481,10.3031721492836,8.5208457701209,14.8518100408625,8.49406394642974,6.7160585087323,6.17912801932621,10.8814101789909,10.9822372151883,7.30410971806057,9.46979508320598,5.91333183788518,5.99895114051492,7.80109750413425,10.0831630068383,4.50067506703908,8.99641979530496,8.59917911880645,18.3428749539265,11.5198676547763,10.5503196962066,15.4634296243832,12.459801798736,15.1705874617923,13.1050908347122,11.9105749372386,7.22208081309777,11.8228099249544,12.7470502098792,12.4032142581385,12.1695783807058,10.9767253349508,11.6097504604592,9.53180982065231
"TCGA-AG-3591",12.8477531469159,16.1424799548204,8.56617786091748,10.4022015211926,10.1719451594564,11.7793988715318,8.64538880680318,5.45605846686412,6.86015172500899,10.5241639897759,8.73335439345368,15.0634031554463,10.7026832520484,11.0028255826627,12.3022587006429,6.74089742171231,10.6210346399565,8.68891037178955,5.73163369058364,17.3202916782699,6.49150678421715,5.38814167078658,6.93601854108442,7.62243492848046,11.6458473544031,4.93008161117174,6.51086890726972,4.13797275350683,10.703543133288,13.5973845397874,9.19328873937925,11.0940512588532,16.063368770715,10.2312506312198,15.9943803155531,11.0163839480799,9.38714010020702,8.80842413715627,14.4617877251557,14.2936152912211,11.2264596335125,9.17686976522881,9.14829058825234,9.67713825649853,12.1536771159678,9.78347041820578,11.6495258902348,10.7103116854774,10.2612430569138,15.8935673142097
"TCGA-G5-6572",8.43870156840811,3.59215044491783,2.93062271988426,8.84424483046437,9.11618542006361,7.82163184039993,6.44774326722912,5.37401170853849,3.92254431349936,10.0159163940891,7.01204762545268,9.13194189365991,7.05465865501994,4.75417617470212,7.08159981069374,5.29476128664283,6.06799656863986,5.65948085633376,4.24547183733722,6.07043801948282,4.90977188852216,5.28412945052196,4.78693846670418,6.6973844733279,8.9251333579896,4.52826476376702,6.73767631000604,3.14904154742468,3.92214944892908,3.31316833282496,6.09123210328083,3.23011890415426,6.2053087087943,8.03272287522892,12.2857175671971,5.88102878169444,5.94776965230723,7.79156223061241,7.07978602980199,9.05181931976104,6.63666812478287,6.17690796821796,7.22662744477836,5.71684465733215,10.1961563679074,6.38302395454338,11.6477939812053,10.523427723691,5.56385961203872,8.81316583262048
"TCGA-DC-6160",13.256336758556,11.3991223220687,10.3709736785372,9.63012375711943,8.3374456367565,13.0508578420566,7.72978701072084,6.01461764355227,16.9472819627771,10.4429195450198,9.79741402908955,15.4628901817198,9.14336840634648,10.7600934237914,14.3876902073423,7.2419310543075,7.39112429402466,12.1674835779584,6.51889973920929,16.1508247342958,8.76872125913614,5.62120050761953,8.9529207661574,8.86115521233373,11.0920324413127,5.63392910613843,7.20373867675023,14.924719324407,12.5438633459726,10.2121154012113,11.6149245478082,8.33405414622717,15.0593189487927,9.15077376389062,16.7917860879968,12.0346284682236,12.534020567758,12.5055109474124,16.7099036475829,16.6869661410138,13.7865622150247,11.7378553604312,8.93177056581129,10.6261022410969,12.6508389580223,12.5392032237363,12.4358688384563,11.3409703138531,12.0826253466472,15.4011153906071
"TCGA-EI-6510",9.56291574996468,16.6334862901343,5.38413968921801,6.47514770845654,7.9765762713608,6.34161281183455,8.61800626618701,4.50678116432696,9.59047264261977,9.16260116033334,7.84271336574345,14.938071823627,12.4778407011804,12.024254290918,14.7471718658215,5.4291846427973,6.00256869600424,9.17909112463796,4.8528233707698,18.5247858030825,5.93877600956597,7.97000060159328,6.08946726087223,7.16525074900264,8.68036271017745,3.83725939890315,5.04852517562787,5.01471854663384,6.25306651652776,9.37119693592999,9.31929960130351,10.4169650843773,16.9077755134647,7.59074432815337,17.3667027660247,11.0477099774585,10.7176733068666,12.603133992985,16.6206514536035,16.470838144729,13.6990823115915,11.3238033056154,9.42766124219323,9.76855739554626,12.1571840456653,12.5710287057951,12.369545119473,11.6558820441159,8.84990700703628,15.0255971277629
"TCGA-EF-5830",11.3962522293359,6.51980385760816,4.6114561468849,6.35853414946968,10.4359660750737,11.0853581672755,8.2738402809671,6.0549751605712,15.1299067486153,9.67333669939523,6.62827041347629,7.29901301362719,4.52553445203196,6.33759410789354,8.12177952607141,6.49484636730926,11.1045394979195,8.27144462220839,4.73701531758601,10.0621498582128,5.37242063181213,6.03838812192084,5.9629311116957,8.60572399860236,8.22494519004465,4.79679957046691,5.71270009317819,9.50025213773288,6.89218463847181,6.02700104393105,10.031868491331,5.08172863635033,9.32903332709928,6.66361482821564,9.91826704178472,5.48195479417309,5.42896182282649,6.1654389923666,8.11251348126313,9.40716151053415,7.04723195489119,5.35102855148945,7.59459556866115,4.68708285407952,6.77294259341158,5.81467370619564,12.0696560108466,10.8103821235566,10.2403346294587,9.77092586059488
"TCGA-EI-6917",6.37675520300398,4.33259339796493,5.45126757228991,10.0354348762408,6.96921440156913,7.64778141191411,8.15237776403793,8.88267765518787,8.6324132026862,11.7452955571109,8.48487185561491,9.69463244069472,4.62970046708293,4.99358582768655,7.42242128571559,7.97171431122919,8.06154881085403,4.96439355983912,7.42633361020567,8.9211076218008,6.08846385406649,7.16038134978164,4.91693957388611,11.900049598248,11.6024809410853,5.95638803037158,7.85010596693238,4.25042050693294,4.81755321185743,5.21413687900027,8.39436850957247,4.27705996049172,12.3132035636339,8.67869402519789,14.079530862956,9.67073243616791,7.71192995906515,9.72669364443996,10.3764357944242,13.1337961127793,11.4777310071251,9.2623465654755,9.26672485651576,7.17264362832351,10.3831150408902,9.68649027449773,13.2149023305845,11.6985287110381,13.9580858212329,9.32402717030803
"TCGA-AF-3911",10.940052379641,11.4358729532854,6.34715126487754,9.63785999554562,9.13132962779137,12.547076035945,8.95089564911019,6.59059191188003,4.95805865308294,10.3355841160386,8.93376047391395,11.3198230908563,7.70582996690202,6.75885257680525,8.84548838798183,6.64584065663604,9.09600686285136,10.7737168499394,7.22112344612034,13.7476811399749,8.80435305956665,5.74836528413805,7.98187085560832,9.13346270919,12.0647088470878,5.58774555881352,7.53406633934982,3.67005351762108,11.1284812884145,10.9833279078295,11.1426896674629,6.96715223036234,12.1205701621549,7.28488943291363,13.2982276717714,9.12916442589981,7.87525443631842,7.82225019157568,12.3496831639299,11.9435994065186,10.7168598060533,8.15057012152856,8.58212582296199,7.7113292752165,9.47696617864962,9.51811675491554,11.3952882804529,10.3262159865522,10.9237894929023,11.7288236887851
"TCGA-EI-7002",12.6979235549612,7.77425530153725,4.37118832113199,7.57524030390962,9.82942183270774,12.6565484534658,8.60558621304856,6.87328664468027,10.2850060045241,9.33303523153693,9.02722312303475,8.52766036551581,9.82049103615329,8.99717268199597,11.2608842193833,6.03854903834977,5.00574324091348,8.14447350686461,5.56326970480214,15.5506927087757,7.29021191302269,7.20651265347878,6.03588749213479,8.0468836928334,9.75152199238751,4.95792837317798,6.76822866472609,6.13742550460329,5.73319774981458,4.33942872040824,8.66004267545923,4.96184400349941,9.86017482586356,10.6339413908382,12.7043528606222,8.76294978666202,9.14597209475213,9.71246477312802,9.65726744522422,11.8945819224812,8.56644098495085,8.97995886820078,9.55979341236059,6.07652075864768,8.84033602802673,8.67347813158976,12.8878861953695,12.0935706223993,9.51144213913286,10.0296085713384
"TCGA-F5-6810",12.061849265679,8.60478313787846,4.6533285508469,9.03967783445248,10.4361645090915,10.3411094202321,7.46937109548256,6.15092091228339,6.54453504400904,9.42099625589847,8.7604646511113,10.6443390975355,8.474821025977,8.66930703199371,10.9335542378982,7.10016629201848,7.80101132436406,9.69112205678968,5.68772918039048,10.7714971455468,11.8177143572472,5.82017619957533,6.50185337625529,9.45285452153816,10.6174084234399,5.04538150580524,6.42601444011417,4.2611970730395,8.41414835447546,6.90641443681488,10.0795780740869,6.21200609066026,10.3554017576193,7.89361702551638,13.3607913708475,8.92253820698585,7.39672591298517,10.071191816186,11.5544724320329,12.4155023963513,10.1904829604249,8.68314572044625,8.08616495158446,6.10347121366248,9.06030805339267,8.30989846806486,13.4017260842979,12.027386917182,9.31898698065136,9.94209523112133
"TCGA-EI-6885",6.96731447918953,4.21472349083045,4.34178477525324,11.5032030762199,10.2930426501623,8.77561287726468,9.22385707207863,8.61987816897777,6.35024149951687,11.2319904856781,12.2894383182865,10.1759937277068,5.72406335076984,4.23712494660318,5.80396622045512,7.91265682114517,5.63513338471603,12.8511688985386,7.57470676870771,6.85373053793679,11.3581968491537,6.3557430284881,6.86170883010276,9.93627700397165,13.497915203735,7.58566853289906,8.64333897065076,5.7291716501409,5.98240952197652,4.22228572037808,13.7610577932167,3.34170999509245,6.08122319331415,8.20341330014501,14.3377666602578,9.15975193525019,8.72809433136639,9.39730697161951,10.5923382946463,12.1157663330541,10.0985341364776,8.41537583244801,8.36819174220619,7.46837790167676,10.5909207149698,9.34843873692465,12.9475936116911,12.5184019372963,11.3289064839523,8.17877545495204
"TCGA-EI-6881",11.7338132792082,9.75704799270537,8.99005493234396,9.92317819755791,7.5469862194526,13.0443644367955,8.23315265813796,7.45989556675692,9.45675732814554,10.1167974162428,10.710505264714,12.152165800191,7.78623467994427,9.58402881805933,12.846537938618,8.51942977977225,8.20634180569946,12.9182033111635,7.72751922863062,14.430002179259,9.4969582493671,6.05634868646419,10.2195435448946,6.87274998218415,12.3328406497888,6.54004431206999,7.80731062791116,6.53021745785713,10.3117459291934,9.64997758375869,12.5000284586811,6.82828262142901,12.7718678171087,7.46712702545283,15.0559548536074,9.65286036108007,11.3041257286642,10.4959704077106,12.7977541677172,14.1580888141658,11.9712638475496,9.65540245017262,8.73019436708212,8.4895348224049,11.619801286321,10.9023846383468,13.0605853551633,11.4316722176224,11.3121477628748,13.1018617875186
"TCGA-DC-6154",11.990974560632,6.77352236073576,4.57407949270893,6.56993503123781,12.4113876387765,12.270763944141,9.25735540661267,6.90464462037187,4.82113112294607,9.22628799594829,6.64397568092061,7.46857571630956,10.4714882733811,5.68107848855962,8.84924547480477,6.37935024264283,5.28310887716365,4.1871381579727,6.19615106199298,8.49799932075143,5.58799924875527,7.42032257160542,5.82703334753528,6.15799467506368,10.26832369194,4.69594147663329,7.39733418273814,4.5713521871519,6.0141012173627,5.66749499965072,7.12422083191935,4.22949608837595,7.76909245336346,8.92117715644392,11.8189235919828,7.52628987753663,6.29032211160515,7.33276237030868,8.74025296728159,11.7108044964016,8.88846041147809,6.91823808023182,8.65655677250864,5.86476776853885,7.56183455369721,7.42186632176701,12.8168695455565,12.1651414448896,8.21841843218012,8.61235112704444
"TCGA-EI-6883",9.54092620100094,10.385640045353,4.06642121998399,5.74609002530404,5.91239571905794,11.654022146098,7.97378678800076,5.37553293254008,11.017230571769,9.37502077374731,6.92787168713866,10.8049900522003,7.97437130646584,5.74586003745578,8.27709148833248,5.7806457822067,6.10274852872979,5.20863658245415,4.49085336843562,16.8242045218737,4.28729067173972,6.34782214878061,4.57301178943292,10.0902719945413,7.0981339389476,4.39623289005417,5.23355120861154,7.95652822701653,6.36069343924928,5.76282537494057,7.53065715033973,6.14461304125867,9.50980447874603,8.14197295819434,14.2790513906004,9.83155126993497,8.258268564445,10.0654903358108,11.776931927647,12.9999607066948,11.1835319612319,9.46418424134428,7.94665349258306,7.31820850128573,9.24502206151588,9.69313411809536,13.3593777667237,11.6765370637238,9.85729837581359,11.8873843642232
"TCGA-AF-6136",12.4251227209277,9.83016618062857,12.0805052610481,7.80024202588233,7.32734826249698,13.0392513765863,10.0649375003206,5.46161450280232,12.2000056884986,9.57907170154747,8.66294721043823,13.5433157247573,9.97455073514266,9.43345416041964,13.378812238246,6.80120913825495,6.2441641477734,9.97558802512282,5.39216032953293,15.671329376152,6.83103857709004,6.65265766000306,6.81490890678318,6.74970443601767,8.31197571760924,4.66852608751194,6.39325059361352,9.37922969814764,11.592195291865,10.2241857884857,9.25501008769021,8.26499800412839,14.8012620270346,9.6308564567608,15.0626610677023,10.7723249802699,10.8729561897737,11.4526615323001,14.4895494168081,15.3723593812779,11.1951723410726,9.71941825802065,8.51517523412671,8.76883546286082,10.6338144540484,10.5350162277696,12.5929044028877,11.5896505476534,8.95464607305906,14.3756918691713
"TCGA-EI-6509",5.42972130253113,6.72595765210725,4.32124436091315,6.63522798203708,7.49097514250639,5.36988127896108,7.84977087088992,7.03247759755222,16.2973878480033,9.22998120252677,5.88995084957352,5.7349266406436,4.45135802619837,5.03597618548827,6.75892928132618,5.35801549680686,9.44392495151913,4.01126181103599,3.9531158574356,9.04387960685402,4.86837911266783,6.61356079877441,4.3689287994935,6.16489884968486,8.13662680553563,3.95463778999183,5.76931443169655,11.5483813471016,4.15131772609252,5.00502758617512,7.05677910912143,3.34170999509245,8.34890464387648,8.71313596767111,9.36700455988757,5.04390808587317,4.80866473503882,5.84185302082834,7.02938078644332,7.87681792950578,5.53434375788955,5.22233038167825,8.41578539469707,4.4557581478198,5.46000933398263,5.18668363851598,12.4022738917938,11.2791690396456,8.14378433135269,7.13890613726912
"TCGA-AG-4021",8.40479435984643,5.61323067429612,6.53921740709958,10.127625994373,9.69199158119775,12.2133603158638,8.48480242182827,8.45154879958991,7.58494493990103,10.6625307856319,10.9001827987851,7.95519252001576,7.18422068154085,5.88214218571021,7.97033192424364,8.2864723427302,9.65643190377103,9.90828441953494,6.55481748201362,12.4460728147461,10.174982767736,5.91459583170842,6.30271426389356,8.16885567445375,13.3287616423185,6.96332373312458,8.2948657462962,5.27304510784237,5.40892998117375,4.42579954231445,11.6906472943502,4.51276272709042,7.47092701122507,9.49188020389527,11.7716611421113,8.54461522444943,8.54246721158512,7.51686142894309,7.65091423684275,9.38209828555502,9.96029632352837,6.20339181896785,8.87339151645365,6.32676401998025,7.735351109307,7.49289563372501,12.342342305029,11.8319824006221,11.7115790869532,8.21104470847686
"TCGA-F5-6863",9.63634256587041,4.6895787760896,4.08911396211443,5.92477257295633,9.54583306999232,8.59601123467955,9.07092037727561,4.38429814022364,5.93828229827645,8.38277676629443,5.67301856533178,8.704587336288,7.66942709159347,6.22035022729332,8.71550376804254,4.71098592900747,3.49971172077447,7.56825673466487,3.81689775125599,8.20896661735103,3.42044892304636,6.72226366574639,4.25865141215575,5.76235671146985,8.38047692593607,3.81667168075499,4.46885185029181,3.62622357967649,4.937479237125,4.23376798675108,4.48925984927734,4.14620272283855,7.37130609982734,9.52525018708657,11.6509783816568,7.44670999259838,5.70499853210604,5.84311831174756,11.4873074398604,10.8563542425816,8.35142521028192,6.84562241803529,8.42371720263956,6.59797026542846,7.89757209360662,6.25060994720164,11.5662095210665,11.5763909672156,6.12507838323101,8.29881878628024
"TCGA-DY-A1DG",14.8218158902421,5.44367460900974,4.80627153027799,7.91804447742501,8.62021089233929,13.4016944141447,9.61717649130862,4.52684838340128,5.64148964366248,8.06126144329377,7.94457279369949,7.077948946772,9.5862909046408,6.14300240188805,9.06422824891159,5.49650257564833,4.2988719643124,11.032743673266,4.58132708525148,8.47638466595678,7.42438048978713,6.92121794373617,8.30920873429522,8.7084153748716,9.83434573558536,3.83159814964648,4.79494938685852,3.86700738761099,5.17366147116795,4.70428660150712,11.0852729276822,4.32269342819617,9.66653228729128,8.01691137187154,11.7929015026134,6.06722201082303,6.08067827996234,5.81358515222286,6.68382316415811,9.69211642519764,7.09135489925317,6.84529788196287,9.44443204042841,5.08010532418197,8.50618077601871,5.66480534825945,13.473905969327,12.8690007274163,9.84314565529392,10.0324956899589
"TCGA-DY-A1DD",4.95096193493279,5.39690609661993,4.50287598130133,5.93052997605306,11.2548467244769,11.0102633760919,10.0885502520511,4.93852344121275,4.35233703622362,8.56860091398353,6.17948919031951,8.47925408600073,3.41403374591366,3.87086450938851,4.61213070352687,5.69332588147289,7.07907268123642,7.88715590907459,4.18033000045211,5.19531150191955,4.98872804889151,9.54449646115094,4.46092356384136,7.40866574701538,6.5339866872499,4.17204908463297,5.39656920407328,3.86700738761099,4.91257965069616,5.45870077283866,5.45372963436727,4.66314436318267,8.99704614145371,7.95363992579743,13.2745715977151,8.8856132573422,6.08471445451126,8.15780145508035,7.49579816142296,9.96435695343285,7.92266517318983,7.98154599099481,9.43934053004515,5.12169508396489,9.37800311034775,6.94129349513802,12.5816123237611,12.0115975657412,7.99011131374509,10.9941326954444
"TCGA-F5-6464",6.25540440599029,3.89734015055186,4.39929345026495,11.4995960256326,5.46450538767844,6.57192252644535,6.59361791396223,8.52032745642901,10.8623595881051,11.6579176775406,8.9410230388208,11.9354865461924,4.35507917465925,8.79205967479123,11.9061727619431,7.66257707581026,8.27183896249434,8.89810350998733,8.01934678267193,9.84506243529424,14.1087109290386,6.55970570554354,6.09082263070988,11.0851494034548,12.0371400022977,5.93583669493893,8.42248777239362,7.20578414925412,4.34369485867193,4.81246658187499,10.0581650778774,4.82737025357278,14.4264219400217,8.74615402935819,14.8761268994592,11.7147811820711,9.42639108010244,9.29333190046413,11.1782891662542,15.0992397196297,12.5077780829981,9.7801817743458,7.18294760845423,6.92052622870387,11.2185026207755,9.13640639877017,11.8973354840163,10.8254111918133,13.0044109593426,7.07881889324307
"TCGA-AG-4022",12.9756870380112,12.3822431552362,11.3897676230519,10.0078623476755,8.10824597083426,14.6481930535851,9.02660095229209,7.005769331753,6.25426961268593,11.1228460479586,9.53779288181066,13.0042385462519,10.2661400420167,6.85411425646993,10.4688508164323,7.06411055014646,8.49346323731347,11.3882326483365,6.48649142588225,15.5456182087455,8.64404924397053,8.65389249073761,7.60845034830795,10.1111397073288,12.2679280386625,5.68266155874549,7.84089177787094,4.15954378063738,12.4002436286592,11.5027911776967,12.1738377980531,8.30301110687307,14.4489599602776,8.9813377848666,14.250712587279,10.0918637415028,10.2248937901421,9.88424850081387,13.0341261793755,13.8700879588932,11.0873869722246,9.08810358904012,8.93668723840189,7.80887237525313,10.1425217426495,9.91479318012292,13.9432740118097,12.3446563170932,11.2581243588236,13.2311844449662
"TCGA-DY-A0XA",13.087109008248,4.91653989730586,4.16242504631484,7.16750827890307,9.88686078813142,9.24490696427765,9.30384685664257,6.45890639191308,6.74061896211443,9.31640470760031,8.14086016979691,10.3482931091077,9.99092847781713,7.46672531225849,10.9674772398914,6.93999665210754,5.03672769863987,8.06409293249196,5.96604891744801,16.9383121686432,8.02554528216568,7.25333163682533,4.9988077664992,6.85320091639715,9.31015249922027,4.99217259591786,6.89494982334094,4.84554310582721,5.69720389741344,5.0802044467224,9.00662201424411,4.32269342819617,6.05019476780734,8.17429097245971,15.7716039666815,12.3910429071884,10.1209776032061,12.9288377032743,11.7603085770912,13.6291050570941,12.3921434131531,9.16758612612019,9.15159356206604,10.1183295921809,11.4953373367751,11.6926973756829,13.1558225644149,12.1816757472571,8.20960498689455,7.79746314746979
"TCGA-CI-6622",14.257880062175,9.84446580667451,10.4019906865612,8.22947201057359,8.02853058698611,13.7249434432031,6.2196796190652,5.62706666052851,8.9562326196519,9.11132630882377,7.65926505758548,12.2600660767447,10.4501029258586,9.76310255939522,13.2337600020795,6.12550014123186,7.01936112012928,9.81542252845717,5.64872967569708,16.2732082533252,7.90618358018036,4.51211249997854,6.86025853834841,6.7896105551493,10.0870061571243,4.99471596852539,6.25628517710804,6.47032176876344,12.1930294242309,10.4469957733379,10.1796480746164,8.87814915237136,14.8705901543632,6.41895371804355,14.3095305296322,10.1768901067565,9.31897028835756,9.3835436949819,14.0640156899267,14.4774476239448,10.2573611383258,9.33191200052195,7.47301352773374,7.5838060681218,10.0783419147164,9.38828105204651,12.7683745048347,11.5333485029131,8.99114577924534,14.470172506287
"TCGA-DC-4749",13.5334991985888,6.4232597523161,7.54586713105477,7.29018511930649,8.81595809945436,12.4214174586207,8.36807893604767,5.5443765627292,6.42448607560305,8.99337298810843,8.49387286980036,12.6359553361173,9.78754528696878,11.3988924797512,13.7686158713403,5.90762791847423,9.6378099642906,9.10374796167597,4.55962603283711,18.0292434572011,6.62966078807315,5.35122555394744,6.43787526230302,8.55792318754871,10.6517143772668,4.66435487298102,5.68783927419951,5.53964479201834,8.19459812295297,6.17951978628794,9.76642552631093,4.91569923040041,9.37627617474205,7.58409712276983,14.3907164814662,11.1236506452304,8.99607865673889,10.9990828800106,14.1272195426193,14.0826034535154,12.6180174175176,6.9626625925609,8.72206187746958,9.63305219519786,8.63931431956659,9.68195794158923,12.46540516849,11.4751977849237,10.2136842304201,8.95189239066019
"TCGA-F5-6465",11.7133611445166,8.49015783589725,4.47355604009787,7.95572457322604,9.46913418620168,10.1097498878918,8.11258951186596,7.77218221889079,6.02525969754159,10.8451909378428,9.92205297792749,13.2556297269012,9.30045972088093,8.44638413605487,11.4198455655024,8.15851291924578,5.00464868958862,11.8825515904169,7.15513755754626,11.7782314942062,8.17599975343815,6.18473851504905,5.27494267104524,9.32653185648536,10.9616340408588,7.10288211871218,8.87802399856428,4.17935926560697,6.33987160353722,8.90230688990637,13.1884230942247,5.63914074392943,10.7174156956451,7.90396993583635,17.2335025591158,14.0573916137333,12.4285278991534,12.9926766565342,14.0545092747041,15.4191914189733,15.1144828617835,11.8024508933676,8.53723583753126,11.7925863831774,13.2367614635334,12.0065615976868,12.5847899198317,12.2061796654963,10.1795426686855,11.4613279452145
"TCGA-AF-2687",6.66307268975228,6.02478025101954,3.93908442647378,9.08037314208458,9.72786103125077,7.68091224311183,8.48146367777484,9.50247845537191,3.72029900830924,12.1302622382224,10.3681054505036,10.8643345589332,4.43540608466889,4.36167590243124,5.48686401561502,9.30683898810137,7.10363503860776,11.1279901653526,8.00358603524225,7.10802365666835,10.2329004685859,6.9508117817418,6.37585297037574,11.4227887201713,12.7364623417697,8.01311594105274,9.42748185161829,3.56098502578572,5.27515852992137,4.81818974769544,12.7773257865459,3.8328066184952,6.54448836430931,11.0453292360167,15.5846984880042,10.7642098076072,11.2778164280886,11.6877520991149,10.3802873307773,13.3613762438268,12.5862777516642,10.4469064176469,8.91065548716586,8.33805090326918,12.5175401634147,11.775714420903,14.0445990502065,12.3906070715485,11.7343642804904,6.68313378946077
"TCGA-G5-6235",15.6791445792764,11.6828079287088,14.3905199711303,6.23500327953713,9.01374310572576,15.3175736461557,8.00531841012927,5.0830443799626,12.5368876795652,8.09176881659999,7.1030451748523,10.5204374248343,11.0829543339528,9.62003135335392,13.8695140079063,5.27865950516929,8.92437716053202,8.87448239272496,4.4821652120173,17.7993508727724,6.76282309413379,6.94892391485506,7.00387727716754,7.80691110796545,8.65969947732248,4.43506512764761,4.94264157302518,8.32738281181113,13.6971149390253,11.6066520216247,9.08406925098866,8.55652794120346,15.2021861903239,7.98093762036346,11.5487495572509,7.4175966874889,7.0178358186979,8.50360133825386,9.86084069293619,12.0451628688028,9.75969698533185,7.10099673531091,8.48385864384226,6.10911402925102,7.0604171365404,6.91357012552312,13.4339350364623,11.8726552817315,7.69455988135765,15.2389831812171
"TCGA-G5-6233",12.450693851194,9.23346091014884,9.09957444080307,7.41525832412862,9.46248379762333,11.3824240911101,9.04447566994168,7.12822386317901,14.0273619804326,10.7010988409688,8.15677260893508,12.0595312754376,9.58944712561309,10.057651511452,12.6489682291544,7.20432997553525,9.11116327388762,9.64655506029804,5.76742253695417,16.0614064863132,7.05758232341961,6.08955591749366,6.80296772278721,8.05079681611999,10.9439999467164,5.7093692722407,7.28882317534111,10.1704762635705,11.4145785948774,10.928942243941,10.6214430677884,6.89632026888808,15.4286955914432,10.7754101992048,14.5036778448688,10.4112915477026,9.39148996026399,9.49584620550115,13.2854602925073,14.128740606642,9.53058979407324,9.11121707675714,8.90951990848497,7.68229159391773,10.4110977532252,9.09105299708448,14.4300852321534,11.9479999645458,10.5765374913299,13.2675912902857
"TCGA-AF-2693",13.9374177441378,11.2687363742067,10.1918594955967,8.57567190992196,6.82428815520969,13.1516409140775,6.9629910736579,6.88775877448012,7.83038278699165,10.4510836649497,9.46606359553042,15.279913425006,10.2238603371984,11.5629954092789,14.3574353718297,7.35585210478915,6.9249351589531,10.2258445770846,7.53324972463745,17.1709801065389,7.14979186635582,5.03607972914859,7.21636749571296,8.39777130035847,10.905235125498,6.27483385915825,8.0261145042149,5.30446936907052,12.5250222360331,12.1126473376438,10.2650289114295,8.1968914465126,13.8533040732859,7.73674769024875,16.6796382838829,12.1553633291846,11.5741919930844,12.7730423670641,16.5879112073301,16.6560263109397,13.6237022787521,11.7661226131605,7.3296651462944,10.5024885000356,12.6892000106669,11.8542242271662,11.7777713805591,10.6829930916857,9.98075096553321,14.1243168247256
"TCGA-G5-6641",11.8778554996254,14.8896655585544,7.55931380122709,6.93694462283981,10.6775235117711,11.2038294053983,8.77133849458519,4.96197762360284,13.0175477846487,8.19743605087437,8.8939759337167,12.1713286646579,12.6784617588505,10.2103880817848,13.6348174333839,5.50228242106715,6.01303299840721,7.60003653694862,4.71073313247241,18.0913033314485,4.73378027675168,5.77249230144882,4.77717209856353,5.57281284326938,9.33609015895801,4.11096759484485,5.14811796983833,8.99646083210179,9.06555832882596,13.4944942242844,7.41499649605255,10.9462631845899,15.6705230374317,9.51411418690639,14.2982942104614,8.95355882349673,7.6389530127218,9.34317199111179,13.3456339397101,14.1494401741336,11.7812194169243,8.5672431277828,9.88694658020123,7.03017081301796,9.38539028563282,9.55567619808951,12.722021891472,12.7531226682136,7.45523910118578,15.895368258858
"TCGA-DC-6682",14.8561737431364,5.80629101486923,5.09475537117863,7.22261837963908,6.88094270372294,12.8011285078492,5.79052199635074,5.62420445657174,4.77049898988355,9.59030040623928,7.83922533480112,10.9281908886438,10.4614622108102,7.47149310429498,10.4341575038286,5.59734092405963,6.90731727899989,8.03797016829859,5.56769519297847,17.0847614804796,8.20524766824977,6.97613746022984,5.64261876266264,9.59708469700664,9.14223782228073,4.03294084280586,5.6825320035514,3.60409945285419,6.34564471998641,5.01624280248993,10.921140365582,6.28259291331177,12.1922807615292,9.99473819323996,12.6270576913111,7.54118976673996,7.43736312397746,10.396199281445,11.3724950444891,11.8058281515941,9.47895721382881,8.41299753233912,6.89759729686461,6.48972689350042,7.77551575753289,7.38022678055993,11.8567516802549,11.4861676253675,10.4112948384128,11.0850369932654
"TCGA-AG-A026",7.41868531962308,10.2088574065337,4.53612352714104,6.65850002924731,11.6155134300057,8.32226693360629,9.62206770359219,5.08672500726611,3.46486642125657,8.25281891140439,7.83583053466274,8.19180795151371,7.61005483249969,9.86448788134769,12.5410401402364,6.02851782553316,4.73395561886521,8.25905081013966,4.64643119732342,7.84500524653045,4.32537371625427,6.82842516279303,4.79762080580436,6.78839413629506,8.27017761365849,4.30210696944874,6.82325566677768,3.47424371363999,6.59136069264353,3.80874356340706,8.34749065642623,6.61112377496703,10.5222129236878,9.91297133542513,13.0096958949593,7.11020932301202,7.63500092019572,7.94814816687704,9.49352199473092,11.8811006483492,9.26253221908869,6.8722425160073,9.99054365652501,5.26073464156029,7.84004434372522,8.57474351869591,14.0232600938342,14.8977173021792,7.53372807422901,12.1167535230327
"TCGA-AF-A56K",9.02033417768001,11.701677679247,4.05629101996068,9.82907862033026,11.1366808298178,12.2721566550726,9.48812478347514,6.82804259417603,4.02467693570413,10.5849043727216,8.67990136992861,10.7945763603458,6.7447288907691,6.91871316670936,9.93613550400828,8.13910718051395,4.73162001799411,12.6981544939901,6.68572682405751,8.2024338897743,9.6860720047551,8.50157355713066,8.29907672199334,8.52669000106377,11.9742040998054,6.17335673757737,8.07813195388903,3.23622981815618,4.12018969684561,3.69718597495627,12.6584565322649,6.25086955437591,11.8677524831231,10.3263651335697,15.4710161190859,10.6083226240018,9.23040793315345,10.0704880124684,11.6845180322956,13.7144198905151,11.8095454698785,8.805446389112,9.66400832593096,7.99556834471749,11.639156110612,10.6312454812203,13.752480068018,12.6329581441289,10.4595080015154,11.1834358577338
"TCGA-F5-6861",7.59280830587826,8.18015118382825,5.23712931462683,6.13363122575446,6.92785119080746,7.42551415454553,7.84622120357498,6.03692258081219,13.0770894634055,8.84202589013894,7.7493438180557,9.36503097928253,9.33820792328113,7.66600233880477,10.8511217932635,5.61735155291155,5.22743511466147,8.44334445042175,4.41704551944659,16.6139515416153,5.81982627178749,5.53555903634571,6.14903943658586,8.62274260928981,8.69727504578596,4.18594958374445,5.49708638870581,8.37492555792055,9.53598622383583,10.6820972586975,9.94308288147545,8.10240669768828,14.0178081857287,7.50661108784355,12.5397723816495,7.7902674755764,6.95919701035929,7.58554543354176,10.948171055768,11.5256130602567,9.03697696176657,7.20852693088258,8.62723415420233,5.8278742942319,8.17385294658065,7.67074379723827,12.4590711421439,11.5278704551869,8.87137511927005,14.5410357527375
"TCGA-DC-5337",14.8408917745657,10.7732094481147,9.70162548048678,7.42718531390131,8.86857155670278,13.5743873924019,6.5157887554645,5.56869229012781,15.750601923804,10.6416002852803,9.56023220378367,13.6378390752752,11.4095397249906,12.457224268606,14.5793342522948,7.84044648843533,8.1789839175935,9.94050135317057,5.5946289943386,17.8681905430921,7.96524673083771,4.30173597838868,8.06568270268119,11.1543358688229,11.6238088511722,5.22266752383746,6.54842248946978,10.37701605091,7.04505304982887,7.51498617222408,10.7365810716973,6.28676223699047,8.69065082564588,6.50265692197449,13.5542553251125,8.17722032065301,8.63153191895841,11.6204221389739,11.8792071136011,14.1676408393485,10.5748734204489,8.80586241430056,8.17728312305796,9.21762745832407,8.00534912330677,8.88086563159072,10.2923082442362,9.56432318807344,11.3362078722323,12.5144002451966
"TCGA-AG-3592",11.5086979748091,7.3521307932062,9.53284628609787,10.0607845354287,8.88090243179863,12.8212907423625,8.26650980094579,6.66327097620715,10.4053628524345,9.94149971734762,10.0984549507473,13.5182981152543,9.76046710436742,9.77156339552763,12.6539793710031,6.94185310475539,8.72405958181412,13.2926052426097,6.61179873902606,16.2624611514281,10.943555718905,7.56030952659062,9.10859899863883,9.36149514906246,12.3282810475884,5.27430780656546,6.74777723629162,6.98868232407482,8.4641906948898,7.93910227438262,12.6950741332526,6.54455520105551,12.3305500558264,7.69992311662989,15.6315321521155,10.5152319173679,11.3274139132912,9.84730699716528,14.6510380132974,15.6454555362238,11.6983594831142,11.4827880704506,8.46452092576341,10.6658322923057,11.1896884365597,10.7566957108382,11.9414589767816,10.8811699578567,11.5762241206154,11.106411398153
"TCGA-CI-6621",12.9018151565411,11.9739300889606,10.702716666869,10.9603242858547,8.08515546554776,11.3159416279492,7.72863901738629,7.68748083372948,12.3486982301914,10.8937785863749,10.6032756674523,12.5392363826406,9.70868530247276,10.7145439186882,13.7444547949602,8.84411755200755,10.1853473462172,13.6338720850505,8.77319386475456,16.7654044730451,10.9424314108605,6.00244855954839,11.1302420871832,9.85317489076384,12.6439009936121,7.24428269302946,8.41079917325634,11.1987269196658,11.1267422731947,11.1898296265897,12.20581248375,8.87210636274486,15.1650586416111,9.43192167044972,14.7335213104263,11.3286957350185,10.5252582293635,9.82290877138189,13.2682446400434,14.5265885449682,13.2908721602724,11.0455263282845,8.90856844320145,8.26132560355921,12.106327002905,8.95713766414635,12.4863398426486,11.7920486642048,12.9339015731397,15.2116524436037
"TCGA-AH-6549",11.9569702472953,8.61499108526733,6.12568280571594,8.88525298438249,8.0218665105847,9.02406656227123,7.39847603465204,5.78857528746805,15.2254416798229,10.0841218423434,9.43441432265584,9.97610580981991,5.30744239564185,9.57094385178611,11.9098929875518,6.22505474376299,8.31067885669535,8.70961816340613,6.55059394493533,16.1311618361323,7.53379268225946,4.76449990742982,7.78780957612952,8.31285340456409,10.0832131061988,5.74594426749984,7.4326342030053,11.4897598900992,4.45112770579726,5.18630828875727,10.6817306097872,6.08337146466025,12.539987269205,9.79916525508088,13.2670897930188,9.26457351838244,7.26754058107636,9.19287169157556,11.1037639680058,11.9460577962734,8.57666881984502,7.64918060712423,8.309610810741,6.31105504397936,8.37304369302608,8.29575718280455,13.2914195078351,12.2028881620855,10.1086948119483,9.68775807156549
"TCGA-AH-6897",13.9597736200537,6.00838248859219,6.99038466173095,7.65679294016697,8.31747473520375,13.6781014386724,6.1021655065527,4.53493151719921,15.6256130720428,8.52189686069821,8.76378140425925,11.7417652992581,6.53725102615055,12.2716929908046,14.3145280335975,5.62071622824458,8.18958373882744,10.4475593867067,4.31464901413473,16.3422067991633,7.11726707064738,4.55637999085383,7.12581688622588,7.57204805621483,9.69936427214942,4.3065657670933,5.71713848701426,7.55720934296556,5.68674737558143,5.01803497906072,10.5873208990235,4.25617953652679,6.49307134762844,6.91743301466881,14.2265148363309,6.03620260182474,7.91513521734628,6.96251942492165,12.1283226176086,14.9242216146663,8.40899829042558,10.6766812378555,8.42574858560184,7.84844969167807,11.2311008159781,8.01515612715046,13.4110266549541,12.6141932950295,10.22083010302,8.26382686641256
"TCGA-AH-6903",12.9662414018857,12.9279939842609,10.4787066064998,6.24507403109927,7.17451471521974,13.2446932329052,7.16387638004877,5.20950453445673,11.2307312528412,9.31464653595162,8.37287635288772,13.2122760806905,10.0891366219312,9.72978763279509,13.1927289383474,5.59941615454784,7.12447630358274,9.78279072922229,4.99192271957895,17.6039340499664,7.66646120691652,7.10021701441332,7.08357616711505,6.2504065311445,9.9123518011769,5.41691082737301,6.13218501372333,8.67760776421261,11.2864897206067,10.9788121890841,9.25316575621003,8.18901583031895,14.3913308439559,6.97945647935433,14.1583320810099,9.01571494661202,8.97961815283419,10.8614149069837,12.7543193025114,14.8367580026421,11.6069491725526,9.11048085030214,8.49640004943235,6.90407244155836,10.1662841127398,9.24707257142138,11.9832419451385,11.8482858533251,9.45528656104675,14.265411776138
"TCGA-DY-A1DC",12.3861490227321,6.92097052172615,6.39680340785193,7.02433340414711,9.96235445939123,11.5855736612645,7.83774356315605,6.46859973885779,4.40037992341876,10.3297939011566,7.39582298037809,12.1146848991249,10.5784227673593,10.4485200928925,12.8730774651597,5.89480160912077,6.35463122855851,7.38008997780151,4.22837288764725,17.5748406888916,5.33181116566502,5.64361540110733,5.99539230018786,8.71548423644446,9.93353275393536,4.60175791250749,6.55108557314051,4.25550120979262,5.5713931177054,4.70428660150712,7.91838757352974,4.99161144518727,9.33753330037789,6.77483616156325,15.5020472286067,11.8005123357704,8.39316013749067,10.8618367204726,12.8752399539649,14.0164319981477,11.4050371862365,8.26998989579306,8.07810729383827,5.75020042453257,10.0925466055578,9.26436395488272,12.0932795983359,11.14014653556,9.59775018696638,8.86770650455238
"TCGA-EI-6512",12.0775106646303,9.08758470106111,9.93247432901841,8.26429319872326,7.06062875821122,10.5000283886531,6.53903722350413,7.73888117415993,11.8473080376269,10.3074398013599,9.41626659270137,12.5140877067975,7.86704479351785,11.0976798316818,13.966904684889,7.42406405332692,9.77129120496647,9.85904036703484,7.41194772959983,15.224336106465,7.00378791789263,6.15295447990142,8.06222271218853,8.71727205275515,10.9904781383791,6.60190595245499,7.51921168536252,8.74099492979543,9.9602239580356,11.3346838767887,11.3455389354796,7.67308160367473,14.5265571259348,9.29440362280771,14.2535479904289,9.15004097860673,7.88835857435829,10.2237437370311,13.0211058811236,14.4069504919818,12.820974489964,8.64470491771488,7.2114374917674,8.15153451737012,9.22510313161812,8.94983546157559,11.6458928647452,10.8147608890152,11.1300190025138,14.0117723966668
"TCGA-CI-6624",15.9327137603418,11.8739715365067,12.5167701412027,8.55880819822677,9.63750203344449,14.8783319839468,6.97240413542176,6.45810374600091,9.0411665953332,10.5018521754748,8.91041228404255,14.2893820465602,12.2825451522838,8.75489470854035,13.2290951596091,7.44968596862582,7.38966943016811,10.7917795083204,6.60855808868494,17.140550118749,8.50572858584219,6.3586675855459,7.18134899009812,9.00971521642914,9.80801843226949,5.34815785644555,7.49700242516323,6.5877374277013,13.938085734851,14.462415186437,10.6356108109133,10.0186662149365,16.5679916368115,6.81370080992618,15.6467952197623,11.8388746876338,10.1567225473552,12.4156971157285,14.6386501148682,16.0695554984143,13.1990312329611,10.7893955992154,7.66893897734393,9.99961220240668,11.1566612087117,11.4043354726043,11.6474384535485,11.6479801887996,11.4753972549,16.2162565135678
"TCGA-CI-6619",13.3384741713495,11.6947935600939,11.7881217999757,9.33618123108731,8.27933412189359,12.5541432302911,8.510553655327,7.01666773434062,15.2334113986067,10.2381289127543,9.55457389985839,13.2103806864447,9.91714106085004,11.1184594047209,14.1102284857934,8.05054684416169,8.59182416023659,11.5517005289209,7.65680360569765,16.8176980582963,9.35436528509553,6.05960197675222,8.18112196041253,9.76507091386487,10.1785812126644,6.85563003153622,8.1348385279461,11.9920816961342,12.8575481704254,12.1657727169434,11.0135897053299,9.98310153950548,15.9783081035053,8.79218850975216,15.4148953116482,9.46061592203838,9.01853994608526,11.159471396029,15.0953212248211,14.6797905775555,12.0045018633149,9.18598029959453,9.15779285642889,10.5269819943755,12.1395043732016,10.2229515242463,13.6822266534133,11.5911381470137,11.4846509051521,15.6846908613481
"TCGA-F5-6864",13.536026918276,6.91398717757201,4.08336939840463,6.5521486521244,11.7282050639218,14.5990474732077,8.80328633518799,6.54771174089912,7.92965980171364,10.150134671199,7.02195925892747,10.2855040350946,11.4495018197106,8.80393927936658,12.6786591387004,7.19882423279495,7.56238177257833,7.21256016230329,5.80683690156297,7.88330066515367,4.59180602146611,6.78639303107227,5.34980172385054,9.4299940979561,8.10429816245133,5.07990470965148,6.70630476053359,4.62363527032702,4.83754115772759,7.30965318117433,7.86070259537912,4.9687478002014,10.133513029732,9.24004423606634,15.4166289091817,10.441210377853,10.210716250553,11.3560051975732,10.704245811804,12.8281523499846,12.687564698618,10.1887276886819,8.90909091167651,9.49736608137111,11.5241326333887,10.184957687576,13.4630361634338,12.2512186134294,8.6111657575772,11.4165413036746
"TCGA-DC-6681",12.2305203018693,5.8584997517262,7.37425306076526,6.89661327978981,6.2261617622543,10.3656148250017,6.75624098002609,5.64186912391986,4.98855308765092,9.7468451135067,8.59041898772271,12.1030774284337,8.60021158207701,8.82616066616917,12.4337217958986,5.9741240731604,4.39001111080599,6.93219260505301,5.08482718962447,17.2967133236541,5.34915533819901,6.5170768728144,5.61300455426333,8.05816740574847,9.06932301909674,4.96338180288187,6.43972073046003,4.07053542563378,10.9281807132034,7.52582689779045,6.19220425409249,8.04323363540404,15.4187842584625,7.84722659503218,14.5922462273756,10.3969570277343,9.30810552591422,10.8456314910532,13.685222544815,14.371916391307,11.1477358226541,10.0330783029929,7.30910712937287,8.67054410895432,10.7173782733796,9.77488031180667,11.6803530897317,11.2493477751146,8.33399637570515,14.5486649486492
"TCGA-AG-A01W",8.33112901663448,9.96879026218805,5.37120185568062,6.34139441622072,8.53060452484723,8.36366654284666,9.07030630458503,5.84977678953244,7.3273118296249,9.35782802223951,8.29017619013377,8.99170798809306,7.10197183234194,8.45242023387066,11.2149683447477,6.14200725642131,5.60734749414908,9.01264261754434,5.08989397959642,17.9839433190087,6.49306282967725,5.59361652725474,5.5852089558844,8.94498938711699,8.75800518295066,4.63457735004136,5.69289981939472,4.14392724238157,6.17549872698176,9.59244181676643,9.82598244630117,6.11981633105744,11.4082387984795,9.68636206884699,14.9835235689241,9.04029328211684,10.2524024805615,11.1656047622234,9.47243352731548,11.4221416053808,10.2044732580069,8.59875564388161,8.24953008603341,10.6323690513448,9.02761621522443,10.9590178087991,13.3011981194327,13.5791271140854,10.2861348728657,11.1591632919864
"TCGA-F5-6813",8.40701493678877,4.816915888905,3.76230395874188,6.32401339069358,8.58393314501188,9.99081721043678,6.9369429026881,7.03263982442831,6.46745280418608,9.84077701928303,8.55867350173154,11.1311947424473,8.75924062024816,7.57123504041728,10.5913825716656,6.55141174202517,6.20664767707929,7.5997777807487,4.19016019261827,9.45650319148078,4.74270586360184,5.6972349586374,4.21687521400745,9.63801547314312,6.93451103384383,4.09760449193773,5.72696486562121,5.4669084383188,5.28481394401809,9.08145856349055,6.9752118462981,5.38697827614518,6.68484844947121,8.22060818261645,17.5083328957586,11.9007683046234,10.4569564303211,13.4118700728393,10.4462969505987,13.9388269424749,12.667089407753,10.6903025945442,6.95422657576013,8.82414050385115,11.820320150695,12.1868694231095,12.2817209687249,11.1944182235819,10.409550885082,9.35309437121771
"TCGA-AG-A01Y",7.46171896082484,8.84482464093994,4.50744124483502,5.98290622253913,9.52835438109582,6.82590835873879,8.76638031723781,7.7616255664802,6.02695897909019,9.79563634616186,7.62176860342773,10.2390251113834,9.01344423924798,6.43099957482158,8.06772640363791,6.31546383510359,5.52670530603559,9.57668926961971,5.15546082259269,13.0464986848416,7.70881494965005,5.39112397870969,6.15256311774899,10.388784777863,8.35522367773258,4.88855204778293,6.13440364744463,4.12813895334556,5.45778214622654,8.60157718607908,11.2123366520903,5.18239118099514,10.1466736703157,10.0478314536731,17.2479186998793,11.1655227510492,12.9386760477336,13.3072022089829,10.417384735835,13.323485399949,11.6957643620987,10.521409026393,8.4458342832307,12.9128309063401,11.218769254498,12.8771332999842,13.7762933713845,14.464489061169,11.5325044028088,9.44361052760117
"TCGA-CI-6623",10.9461737143862,6.92228516649633,5.13616496212922,8.99353467770064,8.94254281491881,10.9878771794872,7.0473873214464,8.12928793447033,7.77546640005164,10.2604079516708,10.2983195381573,12.0121316450856,7.32937850343994,8.78391704142876,11.3037964138633,9.80364927636651,8.64296800588313,13.151746813777,8.79264805182538,15.8629195793429,9.72079447234688,5.28687976604979,8.5392625243556,7.17141214809213,11.2468297355588,7.29692571380275,8.93561816972829,5.27240505977109,6.26065803167014,7.05942172225878,12.27818509151,4.75414271226549,12.7075475954283,6.36296292849062,14.5310279522997,12.9880926326985,7.30564492117673,8.05608144691598,10.8744240950562,14.7330930014089,12.7802213457095,7.16757667285804,7.90324695468917,6.21060076228782,7.85206506542122,7.40241885327937,11.5631050014734,10.9690597840207,10.7738272797653,9.66472957813129
"TCGA-CL-4957",10.0167619700215,10.6888407414189,9.12256252452933,8.53159742741376,8.33825856075455,9.80971518497703,6.73238324726786,5.52258609820539,14.2262827160093,9.24695467528779,7.72150401716746,12.0140268446388,9.42223010977282,9.80446463052701,12.7636952671198,6.3023198138584,6.31008228485404,9.73005897066758,5.15468890215002,16.7018398512536,8.58876320449975,5.63081193702954,7.47931268747142,6.75205510729565,9.34599076111824,4.65762374281642,5.92794155630499,12.2993542814257,10.8855655681361,9.71180134997822,10.0537441578096,9.35896398293341,16.3551510411942,8.43544055127076,15.2633856673669,9.55025603309641,9.28938857585487,9.99887924913104,13.8673405434487,13.8092995569074,11.7212832907655,8.39876104171254,7.87926636737365,7.41280133228788,10.6932472063818,9.14889476564336,11.2300303471423,11.0272897370894,9.86101742344859,14.5942032822885
"TCGA-AG-3732",8.37423847008027,10.7966605457152,5.52432138237651,7.76666299369099,8.25039613439691,7.34670145450327,7.0343504211706,5.54830955433024,13.439760573264,10.5795956570683,7.265969787384,14.5480448345012,7.43428789849601,8.57031609884533,11.3545596625606,6.29908832028272,8.9192392038128,5.70668933146384,6.52216221343248,16.2138071919871,13.8233843224478,8.56896862172047,5.30334914293976,8.61522558384739,7.35115769034221,5.04034978640238,6.37363973770015,7.74654169780267,5.25625177816213,10.4588352297628,6.40573621192084,11.820680680045,16.5191904300797,9.79843418517037,16.3458561869219,11.7328397946036,10.0403839956098,11.3459761911762,15.3272626308442,15.8908488176937,13.0730961549844,11.1311058498263,9.00061287497269,10.668170989282,12.0229895860831,11.6099292534028,12.7481858354282,11.5308457759606,9.05655770621044,16.6363817969855
"TCGA-EI-7004",12.3601221592512,13.9531183841735,9.63202359434205,10.0598872447978,6.2694624210487,9.92166793324913,7.27082362765414,8.52634145369416,14.2605973818958,11.6352817574694,10.613296694679,10.1255124823686,9.13756665202725,10.0122853240498,12.938544439902,8.20349688667699,5.51680698761479,14.2225392210723,7.36205777602058,14.5162080425298,10.4775405064831,6.49080110671039,7.69767664934128,7.87574072898941,12.8965092922963,7.24862574180522,9.62573681449856,12.1892728430826,12.1772942568232,10.6852511516577,14.9835145282605,13.2457454741252,17.2209931717338,8.78594900193603,13.390557546991,8.72363376281758,7.94649089395504,7.25642299091667,12.1304671429129,12.8688690530004,11.2581916951666,7.27707314881942,7.81821898422656,6.7716545879834,9.60792086783241,8.95748784169421,12.4984646017027,10.5703198060052,11.5318374933802,17.7468661511418
"TCGA-EI-6508",13.1203410741325,9.54796697941674,11.2605089941435,6.53868186691767,7.96683201000405,12.5996250752703,7.87140597693737,4.78280564257935,6.55467230159869,8.88003763116716,7.74718479299408,12.5587703878621,8.68994990603572,8.89596214140033,12.4550441171517,5.3679270475552,6.23989338290337,6.63947580338018,4.68265074112654,14.7751648847955,6.12934212338365,6.51316208216341,5.36097045565699,7.46649888135892,8.10508148133146,4.28151447320658,4.81133333852207,4.07577249895602,11.9208621512836,10.3170566819732,6.59745692586654,8.31567963103488,14.3950866025729,7.32231535903784,14.6169235872177,9.64493655395778,8.55574879072882,9.92220708755725,13.1205388310326,15.1526458282804,12.2103770868343,10.3341984168094,8.63642665187587,7.50270083220101,10.4245154328524,9.0064757178474,11.6933267737308,11.6739306631155,8.95555228501145,14.0660014991628
"TCGA-F5-6812",13.0197846730218,5.35355497494073,5.05781360554263,8.12161213729648,6.30512543962029,10.9337851432207,8.62971607532492,5.81574187137915,8.96143142409743,10.4132570009184,7.80197636595366,11.7147945335106,8.90916034402311,5.47107648590247,9.05320333464671,6.93926677179959,4.87858847712193,8.83802858728323,5.45303222131787,14.7287475205031,5.54363433462957,7.72583970215886,4.86030564337453,10.1047104179026,8.98915693012178,4.7853713241832,6.42937100407136,7.32048032590509,4.21041796514513,4.46066016516936,8.15200254504891,4.39383097685925,9.74380581048374,8.43368778855692,15.274181799141,9.97287484755103,11.135231654469,12.7509489430975,11.6054373516045,14.4110798963322,13.072364148497,9.79477883911519,8.76975419561224,9.96383556136858,11.1593722719774,9.76222653576977,13.3422518491578,12.7158111340346,8.94054012564002,8.48177792455298
"TCGA-AG-3742",10.6542541587469,3.74326359136964,3.91137818310404,8.29364085307787,6.72533583097152,12.6260037652662,8.78766594946373,6.54266952321447,9.68081359800602,10.1238264605271,7.9123811862385,7.58400150750612,4.29872097753581,6.04702880934969,8.1915335668775,6.90950015825668,5.88123376524054,9.89244957266103,6.50520677866001,9.4573300116,9.33580921557899,6.8215086275328,6.61440614902735,7.55431516896208,10.3092219995818,5.58362190600354,6.88407384192044,6.4514817079028,3.88805967648157,3.92006153172108,9.96000206827676,3.33310265693057,6.62294116379243,7.9180919350398,10.7911802663016,6.86749725920179,6.29941655042379,6.46377824751284,6.67337437557309,9.13855017370531,7.11804733764696,6.48964635991151,9.23737983832496,4.86297853634026,6.35221225666061,6.75896944935468,12.8487956828289,11.8240497971563,9.45572099960149,6.60670992525497
"TCGA-AG-3725",12.350457857039,10.8266070668788,7.51769669254453,8.3225827296946,8.96518602130508,11.2025809894286,8.68595607817384,4.74493528706352,12.9816697430975,8.95834746970688,8.72074910864245,12.3507872753744,9.82483798685533,12.2235102864991,14.2471362193269,5.19310629162918,7.69526992238553,11.4143858115587,4.66278570363241,17.6615274246571,6.84953731025776,6.07917214685361,8.21211159430236,8.51414248557939,10.2662711205293,4.62343191473626,5.45056833733663,10.009312775578,9.8853809193347,9.56975103596108,10.7556079465715,6.80198532574241,12.1307557302853,8.04075300290732,14.3918652372313,9.83170620882464,10.5404439640195,10.1548459770645,11.8314990554628,14.2805268033265,12.0427500635244,9.58014721900075,9.37437124352394,7.51281281462706,10.5176782224153,8.93172248149556,13.3536393177063,11.767953933372,10.4374714557626,13.2794795107541
"TCGA-DC-6155",11.0017544000603,10.9478318212547,9.0030348155434,6.68826044031377,12.0432258018946,9.92426247673144,8.67261647839046,6.11170214376213,9.37490766274245,9.01850546168092,8.95805091704939,11.7025631903265,8.57782920781448,8.18727319608645,10.694807609156,8.69294184186761,6.94717881683688,10.7979304333089,5.92263929742587,14.7101738860766,6.72152561711901,5.69278826424691,7.86051649949149,7.83306559192269,7.99411972511543,5.77958127120882,6.33290011741165,7.25279274988526,9.34920585752641,11.2977609958878,12.1210805000243,6.6578132110844,13.316316600878,9.21952022510644,16.7400127541635,8.06572275540208,8.20357341627841,12.6643348587269,13.7677541260823,16.3527810543842,15.8318294626976,7.36144371262645,8.17794869177959,6.9096992022462,8.49094604385935,6.78699940672475,11.6547744494723,12.1984303977202,8.9789086086339,14.1310166531791
"TCGA-F5-6702",11.1873603931017,13.0918796863007,8.95769563757598,8.03446187726921,10.0496131012998,13.6142085015264,8.3245465201153,8.1586769598324,5.32742685036273,10.76531288014,7.91323041030269,12.4686917240711,9.59199211788184,6.51102982000049,10.1221664706169,7.05956720369205,6.84909930781518,8.90736327796729,5.16556983296644,15.518495474154,8.1972939969817,6.56594712745654,6.59148729657695,9.27279638334336,9.48659970535365,5.07486047938569,7.4748730010721,4.31441788352145,12.1570207344701,11.8399319619706,11.6322174464157,8.48006046870091,15.0073425924553,9.14043637042067,15.3226929645805,10.1533210665195,10.1529834219863,11.4699800710963,13.4215818810115,14.6657500301351,10.5230927830064,10.0224117575964,8.26134839870023,8.5349579965997,10.1778808239464,10.7544004336341,12.9351329220041,11.5701958034001,10.268701931766,14.0095129339691
"TCGA-CL-5918",10.3554515719187,6.30770506006173,4.3184023897634,7.89888270551891,9.42457466675471,11.5175218804875,8.75733114286137,6.015882918799,12.0573386637388,9.51782549104042,8.37103208408296,8.25737511567185,6.13264632059996,7.71004293275448,10.1119155234783,7.90021583318135,8.09434373168725,10.6000935479834,6.69726165786427,15.6053353521239,7.42044873369133,6.8475472617666,7.50174017086158,8.4417694569257,11.0791966398419,4.84416664505373,6.50908445618251,9.53954384163753,5.12371281483183,4.95323368941707,10.693902289422,3.84460266534497,7.83087349888995,8.9158631418909,11.5289501710816,6.1417676455137,6.16403157649607,7.31065924213701,7.55206441983592,9.96770028291607,7.96861656161977,5.97003850412854,8.64286791554645,4.65280136759283,7.45798762511169,6.72946593007026,12.2442992486868,11.2251462774443,9.32791564620333,9.02605042041944
"TCGA-F5-6811",14.1678221292896,9.25103423977637,6.8010358749552,5.68311923253362,9.34162541838193,13.9864560377843,6.72610555789492,7.45755488357905,12.0994573072932,10.0303379368421,8.12703036257618,13.7678749805608,10.7335830693935,8.86682872060966,12.3128857888782,6.93913292635091,8.7595662822535,9.46838629288293,6.23066179870869,17.1337154371426,8.73141491537391,7.62154943265356,6.3074888623736,10.4101682230359,10.2964887189225,5.19590710278266,6.24495869991034,10.6793018997579,6.44727941797411,6.0657349031573,10.0398008928579,4.85171055126214,14.7829335785275,7.78159320582114,14.9517737927026,11.1881529920276,9.84247358700983,11.2335525421981,13.5708793502141,15.554457734189,14.3570340029134,10.5566675750509,8.13423118369635,9.22884358014247,11.281423532278,9.00238864602394,12.1725636442121,10.7239358972514,10.6311119332715,9.74105363299231
"TCGA-CI-6620",9.07329024546503,9.63853771259808,5.94121313733816,8.77133929184071,8.38779415457652,8.98038164705266,7.79826331437619,6.61055682358601,9.95100912949125,9.62825608549088,8.1078764116355,12.298598235096,8.41789839403095,8.50209966052215,10.9253808714688,6.97512009067704,5.62927999912837,11.6940504746313,6.95959627440538,15.2916973190542,8.75501381959625,6.01054533916355,9.33087899566469,6.00119198608673,9.34185096378764,5.81300624916612,7.25604193579637,7.16693139531742,7.16124284820833,9.76900646641535,11.3446334553312,8.07160311416393,13.631465162834,9.76994805485728,14.5385353590636,9.90969948338954,8.81714966644898,10.4873270283179,14.2708454369403,14.437976408739,11.705823298345,9.26961441572118,7.67240736196308,8.04164032903617,10.199049357114,9.67554032345461,11.7955193443247,10.9405883178977,9.83435410653848,12.1149485196192
"TCGA-AG-A036",7.54363544351073,6.86956238572357,4.1308129145153,7.30447646522147,9.94570414477616,6.70141868179087,8.89250061731197,6.34057973751848,6.20048094167131,9.35361643672835,7.69956265029472,9.76063595081175,6.39344167536593,7.2016226662278,10.0123356505951,6.19232779669027,8.87787484298264,10.9860933464068,4.2991825140468,15.0324714739028,7.39130223010404,6.33060655671109,6.19401083921688,9.57602895346857,9.66002074303622,4.14549647036975,6.5419703429974,3.99872795272508,5.65684509163432,9.03722198008886,10.5078120293888,4.36567611730318,9.99713047345219,8.94355471804134,13.9996883751119,9.98871211988462,8.70874889915847,9.29248913001696,9.83516323156585,12.2142852728873,10.4791792287002,8.46860116602665,8.99881036275997,6.84392453341285,9.08114820872999,8.45364229241374,13.5497695349453,14.9422865675208,9.43284071914197,10.3510097807193
"TCGA-AG-A020",10.0562398884664,11.0268203243076,4.4435290389888,8.19362770827618,9.06946899382854,9.14434688021592,9.06936796861249,4.89385340609206,9.91838820573149,7.95482673365526,11.2720126537438,9.99972697446052,9.2467592894941,9.02967658428013,10.807114186275,5.68521681432525,6.23828412369337,8.73304474570859,4.5463087398701,17.4207431989606,6.73502665521432,5.7802599717033,6.64323185171691,7.85623941883157,9.02861412374862,4.79443768441013,5.27440767874979,8.33781974940023,9.49870924355178,12.7085037855255,8.93832297534381,11.1068306815667,18.4690765999392,9.66987875095293,13.5659251026762,6.87903466063338,7.66138637335662,9.28986191721357,8.36087917844751,13.4129634259971,11.0751176167917,5.94205280264978,9.12753007845185,7.6659910504065,6.40625289819331,9.36021825424896,13.4943279303177,14.3631807244567,9.61430219159921,16.2103234346846
"TCGA-DC-6683",13.5182534655729,5.87894222607009,4.57073199597165,5.6279033967379,11.280415120431,13.9399846736658,7.54652671716658,7.66095442824632,4.29034085170509,9.96902414041956,5.44289017388912,8.90615618203337,9.93404838377702,6.63143915044729,10.3164221648718,5.83836994025005,9.12022022623464,8.67612586722082,3.86690980941386,9.39509869111139,4.56570964244679,6.03538655803274,5.28304335663984,7.69525544778214,7.96204502124052,4.72479101696174,6.18693662275365,3.60409945285419,6.58214422956532,4.59964645950641,9.98408799355831,3.63033623783942,8.56487467448344,7.97241818246991,13.0359114390803,8.05568184932403,7.41553467341114,9.8478164030297,7.26835880926088,11.148035181546,9.48164949212236,7.8635512434155,7.92193510781171,5.3207777776434,8.30101293780498,9.42250588437608,12.5268466330659,12.1050258009106,11.3129907340185,7.86911151382723
"TCGA-F5-6571",7.8419112227585,4.36283359792903,5.5694364934712,7.37680539745253,7.71869399094288,14.5126265893354,7.61677627263268,6.7198718896199,5.25506023087124,10.8376636537443,7.31560755557506,11.3428253468714,8.67843033798628,4.38300746457127,7.14438899950045,6.30953889502967,5.80664366028887,7.11915607656167,5.62691659263192,10.2403731985644,4.84080063020031,6.76546721722126,4.9259708017992,8.76504685187759,7.89148371736639,5.19885183639322,6.92767589729184,4.09171702705366,3.70670536714887,3.99996169014765,7.02978343398351,4.01486536184544,9.399382945434,8.60923964404625,15.831401988393,11.3698414099235,10.0710701364897,9.9220680036243,11.1680496208135,13.1675421212797,11.9737984947186,9.27684961173261,9.15080535726356,7.58193279907944,11.3971209355708,10.7489670177579,13.0140743164869,13.7938756742558,9.24250593424263,8.00249259232273
"TCGA-DC-6158",11.05911850596,7.11986341791612,5.92624407795256,10.4375655769014,8.83352259763338,10.9499665302269,7.42950165589831,8.13129027015537,9.49013326767969,11.0960628484804,9.86611472994963,12.7505192345323,7.59995601431134,6.96753070220452,10.4564121642741,7.88657308925222,7.60315347030396,13.4931146511574,7.4129611066527,14.8624533759223,11.2092785522047,5.80085762715212,8.94313963567275,10.7908735319429,12.5492186791352,6.66110251476717,7.90390535038332,7.24856176928542,9.18216081854022,8.15158036247441,13.7895239384546,6.51322575701459,12.902277979944,7.94172309190752,15.7153409598783,10.5710155001814,10.2266192811269,11.3331406577668,12.8209838921568,15.2510735866597,13.8659519176582,12.4845422083494,7.60218796238243,9.5375124184169,11.6088870722715,10.3558548376422,12.174433179745,11.9052492250955,12.6251872882141,12.2285050180229
"TCGA-DT-5265",8.49595731381051,6.69305524425116,5.82599795065882,8.53792671338984,8.86823748793931,8.24216156531897,8.5549707161659,7.39014941510118,9.57428110727448,10.7860320219113,8.2831511957543,9.20268312523577,6.47302489005701,7.22006075334064,9.86237027101873,7.16035789367997,6.17794142876806,8.91542342442174,5.80291010478497,13.5561549627783,7.72899110106948,7.27709832393909,6.35098119275706,7.72097410356593,9.95430420800894,5.27910193542844,7.43071221107614,6.86567478530514,5.67029153983632,6.24697890333661,9.4392760666023,5.82372947209347,13.5842203913124,9.28066112475002,12.4255280639814,7.60709714365952,7.3669305842537,7.94093094522625,9.18609012996033,11.2429089496942,9.04289164723059,6.95299782446844,8.43140283731015,5.96335331725066,7.66487091483503,7.82363982268513,12.5565820788484,11.8881020588964,10.3472945011961,11.6525376488709
"TCGA-EF-5831",10.7257224172796,8.12862080804323,7.32582668825826,7.09506336366111,8.32320779948143,11.4395414560578,7.39280031624155,7.21740289505118,5.53757218532609,10.0510375952894,8.45127041429116,11.5712940340266,11.3602943989019,9.12924275485371,12.5573857902217,6.4142595048813,4.51952390315814,8.3277948607587,5.10142222408514,10.0803335289703,6.32414450238085,6.42302424496131,6.19129317221887,9.27891424533723,10.1798872290634,5.1283352314093,6.73644411873126,4.29654948947699,5.54079787865835,5.7371215503092,8.9833681923223,6.97229484875265,15.5840976490415,8.26011038587361,16.3342651133703,11.9395000398325,10.0084012062583,11.1275486110457,10.831954816778,13.1633915467805,11.9887862224092,10.2211017745557,8.29158825116845,9.80200250178125,11.5388927583707,11.2015600014007,11.717915109342,11.924512612417,11.2465395966687,12.4313306114932
"TCGA-EI-6514",11.1213948116211,4.1646766861361,3.89672318498262,5.16276115821906,8.8309231135346,12.8191696384294,7.20072438803279,6.42683663214723,4.35017665966403,9.57362672147715,7.22840521347112,7.80994464608036,9.20818756270808,4.94860305099926,7.40461993215455,6.33650046314999,6.39060107790464,6.83033355607047,5.78462786445041,8.40231574008018,4.80580748404649,8.05374045712566,4.17185527448885,7.15123249019382,9.02542822543022,4.60043177779117,6.36357391809943,3.8754767089783,4.36103592902652,4.12070404617163,6.44872941702481,3.70224763213472,6.32882190989509,8.04905676088858,11.1523793064014,7.35678392575708,5.91885811102033,7.48268341482635,9.24891858928841,10.5152633369504,7.91166105391329,6.47734834262731,7.21957832807762,5.08479769065533,6.88189439814379,7.30191571216301,12.0884341876142,11.39813383584,9.53666023909885,8.5891528107373
"TCGA-AF-6672",10.9217875031914,15.5285632360143,7.88523720516929,8.8668728800951,10.3007120822636,10.8312256282922,9.08459302341534,4.667249223575,10.0251911752282,9.06311594081933,8.27911497160268,12.2413421053124,10.6580295127938,10.0022829599491,12.5078846777036,5.67326295785414,6.53372431985323,6.31714521419098,3.84306218287149,17.1350302592855,5.49249118544278,5.97301831238997,5.15707324049606,5.85803709562722,10.3521594759389,4.43796152158485,6.01157302462124,7.44307357210605,10.0292080572384,15.1695542783963,7.13946783320524,9.84753310546636,16.0033426483608,11.0114101999087,14.2147313598776,10.3347811309404,9.45169411325923,10.1325245734127,13.0554357028572,13.6176209698857,12.5822670654845,9.44357884342615,10.3495154690416,7.79929070437732,9.74706820532576,8.92572359558263,13.4430314198368,12.8023175340898,8.59271144171518,15.4025026497998
"TCGA-AF-4110",12.5870203038996,13.5963340383682,11.6660706419633,9.18928232397943,7.22442135847844,12.3726214616517,7.22330985280262,7.03980229425366,12.1010266305437,11.4537065665709,10.5129464468546,17.0674149813823,10.7490460438742,10.7279474563486,13.2753865386194,7.79925398981239,8.20572693932902,12.2290864200409,7.57039646862422,16.6827819153623,10.5551501568477,5.82818674990752,7.83844254944945,9.12378320828025,12.4521082856075,6.69399201812839,8.66174972900518,9.13472786044011,13.7266999159769,12.9096110552389,13.3330969561752,9.98106534404061,14.9878919291589,8.56522555470567,18.9022227453231,14.0379922044352,13.0779517429299,14.5815546965003,17.856095796814,18.6403862091355,13.3946197045306,12.8555203306736,7.24095149554643,11.1148294072971,14.1095434237204,13.4457064163972,11.6320371747861,10.5314981781485,10.6569292788785,14.9082932048335
"TCGA-DC-6157",11.0377797024979,6.68405203929834,5.02254904423085,7.8333216051277,7.69570082786793,10.490850431168,8.54740018936394,5.22057116322365,5.34470426680741,9.64280736321366,6.2262305348676,10.8225535730957,8.56128786244034,6.65871743036612,9.33684188399109,5.3456943009414,9.06210137561187,7.55403077695955,4.38687621793694,13.2572887024995,5.32315287760991,7.99592846874679,4.75952506094385,9.13039515690352,8.55937144627822,4.30659682026142,6.02065797867884,3.60409945285419,7.69039660571964,9.91015415368505,7.32319802391101,6.03170379914139,11.0137032374156,9.70908848551136,13.4236333327171,9.54114342666928,7.24507657202888,7.33710343504259,11.6201581351507,10.9529748838591,11.5490775572398,6.74253236277372,8.48194645648395,5.07541530942983,8.97647455765913,7.71883914850627,13.5942057759015,12.4347964193351,9.8313208398249,10.8749200351424
"TCGA-DC-4745",9.66520589456541,9.64560986860425,6.87096210108813,8.17666304482748,4.74258250263489,11.8200825922891,6.56543971000071,5.87462401930943,7.69734401754554,10.5213593479308,8.00252079663802,12.1215221458603,11.107682131317,8.70141993075205,10.6651810643231,6.76337130235811,4.75411718340396,10.6803880701088,6.65417231226516,16.0290227517185,8.77006542126005,6.65703248243417,7.09038534226593,8.68979799951645,10.8966382012528,5.59663989592375,7.22330393553196,4.33798091835097,8.70789311208665,11.3965549581474,11.1170620060163,6.07711226749684,10.9074320250975,6.59410456629224,14.9240171639557,10.7088187219215,8.91341154152015,9.07907534733588,10.4462930946956,12.6439878748298,11.6686042422689,9.60630658338858,7.52218841076803,7.03592017596271,10.9386788930599,10.7418602088282,10.0854841193461,10.0708094142681,10.3730501192941,11.4549092166873
"TCGA-AG-3731",11.5686345531853,14.0156721063991,7.1678090225586,10.712986835232,8.94756849932519,11.7584752312782,7.65295474944613,8.65112052372939,13.0321131907848,11.7242188131383,10.8609724993405,13.9094494775248,10.1342686457173,8.29019953603286,11.6848384970065,8.52151098730956,5.7464193690636,12.0689716931493,8.40214743238065,15.39092468084,9.70905421126598,6.61699477566124,7.19012627032092,12.1231369688333,12.1222285821537,7.77033346526385,9.07755470799719,12.0788365926783,9.84173148462466,11.5407013107784,13.1443990121443,8.8831823229141,14.9489436224855,8.40046427388186,16.9372290404815,12.2119740879284,12.2136236925694,11.7091028252091,14.2592987530524,15.3329100204234,13.7719242543411,11.7975097162051,7.76882083708842,10.2303879006088,12.4366032702204,11.8247951422586,12.3326807077423,11.046090855218,10.3331410780002,14.0244643638601
"TCGA-CL-5917",9.15688881887249,5.10409244389944,3.92236574639295,9.0130148762584,10.2310718368979,10.4828581100471,8.12608031162238,7.40029301996966,3.49174988736697,10.1562189177468,9.22104599244818,8.72190412940237,5.32475041551134,4.91987364630772,6.65706925515858,7.35321292914334,7.6034163734177,9.91233396074032,5.72950697641594,6.32792587156915,9.4449769020491,7.34374502262116,6.70442633658097,6.10914294088819,11.9245550637534,6.62444802094992,7.68631039646067,3.06434542924836,5.92457177627051,4.27148330519053,10.361267860718,4.59309868878218,6.4500492042237,9.67825924837056,11.8075282302944,7.89261389285535,5.96340199434599,7.46533979038263,6.95715656843692,10.9302215988337,7.60944839487887,7.44630710554847,8.33913353719616,5.45907407709257,7.74238305527457,6.84340711451961,11.8446461874979,11.6689639365349,9.62951114949085,8.76735212685898
"TCGA-AF-A56N",8.70729334452238,3.94413139936921,3.86665941533203,8.91501632375122,9.08382045023696,8.81608031614384,9.01118625058161,5.46261827902526,9.9056597361622,9.23384637185447,8.56679206529511,9.04511621830156,5.58083249271888,8.97245750680161,11.1738809028495,6.08983995848327,7.43589551594029,11.0934070525969,5.38176523106429,13.3454605900242,8.95927535694181,7.34397132781568,8.05144283578352,7.08521888827644,10.7711830009258,4.64483735727691,5.81921221918113,7.95403283721016,5.37208557611217,4.50033153698096,10.8891809531735,3.27265095437543,5.8983247476246,7.91395194741836,14.1649560105989,11.3401383221283,6.5904008482182,9.47242734481328,9.56521032770993,12.0891891615955,9.88591688309061,8.47963197178779,9.60614044115165,8.17497922857065,9.47072497870221,9.38817800229028,13.7023387734679,12.025072833733,9.94989951815091,7.95337628375159
"TCGA-AG-A02N",11.6921572928688,15.7705996273112,5.30513198534036,7.43361271737335,11.1817379276693,7.32296185787278,7.64914830007956,5.21394044313533,12.3772465898366,9.46105542499422,8.96980748452848,11.3899334640061,9.31195534439894,11.259419409029,12.5069063894221,5.51925575995426,9.66249987754335,7.465232553589,4.747096268535,16.5487616669777,4.96926921508531,5.15636320617211,4.71904971978853,8.94168954707803,8.13523629527747,4.64409198371146,6.4803553877134,7.12208678784421,9.62996740978192,14.7203166389672,8.48836729026283,10.6866981201246,15.7775980652103,10.2640371433168,14.5386927645056,10.3782518005803,9.54897627472174,9.91945890153521,12.9101133113547,13.3942547095232,12.2138242979493,8.29860590059947,8.94210744061056,9.01298623004073,9.49632237348988,9.76637090906299,14.1511124636929,14.9436023789656,10.3442826770141,15.4295435727399
"TCGA-AH-6544",14.1727678166365,11.2634304991605,9.83880965528128,7.54282618118705,9.4195990820003,13.476290634513,6.97673920114985,4.48999470404308,8.58848233092166,7.50939754529222,7.36619450168837,9.62123690647309,9.86662341679227,8.32100167216053,10.9733756572301,5.37590005046983,9.82760106354337,10.3057893017139,4.38381066652398,16.9459397414144,6.08742697542853,5.59885169002005,8.2138916690572,5.7151268662614,8.77428127339626,3.98944842097253,4.91500295368758,6.00885211203619,13.9740145890176,10.935232560992,10.4016417920735,8.21962008362445,15.3860699964563,8.58624736628181,11.4714302191959,6.85536869464205,6.75017650254054,5.99528314439313,10.6496145378714,10.7063477301987,10.3059381344773,6.7294392230004,7.23921804986023,5.1300024931107,7.00305919596994,6.87089900635469,11.8597584310697,11.0437500424959,5.8275673882942,14.136153271166
"TCGA-F5-6814",7.67374838247491,6.73499254133187,5.28242673765566,7.66208151784948,7.00813732804222,7.65830269618529,8.26751585769751,5.88297257158467,10.620761875561,10.0804059344064,8.76739408816707,9.08650660894769,7.77254081168657,5.56398514843825,6.56753662161422,6.84479973106244,8.74801928040145,9.5311406668285,5.71916194496628,15.0171442550439,7.23296091664119,7.00046860854479,5.23171563402577,10.7081390546228,10.4939885245105,5.11244491195604,6.20013217323984,4.64034712601356,6.51515151164365,6.71336315292473,9.85497016536193,4.9325996195559,9.03852075330725,9.4332570262915,14.1566510102587,11.5277792340527,8.44474650839472,10.4149845406403,9.88841652990462,12.1073965365193,10.2291427707541,8.58877785338449,7.40619158137459,7.70792911773022,8.99882798782901,8.79433274015628,11.820555621653,11.0446530669078,10.7987277964281,9.78361249814536
"TCGA-DY-A1DF",4.86168159577436,5.33814398673406,4.58402913574304,6.75344511213558,6.39563330737631,7.63505565044899,11.3392499606515,5.62653163198184,9.40320147334976,8.99300131195642,5.67468238664001,7.37948586978256,5.30490303724196,3.87086450938851,5.89688941675807,6.40730336395123,8.47463925050157,8.00761033678058,5.07145850097112,9.31120886879402,5.29314781269723,9.03335236661097,4.61917754014442,7.81482233910012,7.87590698322656,4.25320223907467,5.78471172433741,5.09858682311649,4.43221345138209,4.70428660150712,5.91054946845383,4.32269342819617,7.22259031249663,9.54302075290597,11.4577539140143,5.13204417758731,4.92391863099008,6.37619276393966,6.61213414575407,9.74767916302206,6.67021381542915,4.92855237517782,9.02081622903035,4.52001470656114,6.28824011947459,5.74452800463232,12.7050289880887,12.1253894801459,6.06452350687306,9.17421451643111
"TCGA-EI-6884",14.1826451597255,11.2671417404523,10.866804170642,8.96298571575103,7.83012742634071,13.0792584275107,8.32676447575435,6.57863204508241,11.7945145404529,10.7665005041921,8.94242696197983,14.7553361578965,11.5812223326576,11.3916821531097,14.355949579462,7.58264536763622,7.17876101674041,10.4812079916482,7.55683218867371,16.9277837417088,8.83290681995514,6.13813976280646,7.89231202359879,8.64065355525241,10.9033953867122,6.1166925196075,7.87686990245922,9.48228695445119,13.767488430552,12.7411739396033,10.2052312299393,9.32367855308795,15.3814400170726,8.04318108702138,16.7363027852007,12.1474357976735,10.5869989813831,11.8241535934187,16.7795537569932,16.718759757887,13.4178325403278,11.9035252434759,7.92872701070739,10.3898050004979,12.3990023962206,12.1297064646012,13.1099238343207,11.5835877935105,11.5075766837418,15.6361722239208
"TCGA-DY-A1H8",7.43072546093988,5.9496917287273,4.59169292263083,5.99530774612661,10.2449037979046,4.85491148416591,9.17497873436841,5.01642963549367,16.0311793134839,7.86722356928386,7.29343060211563,7.94002386165983,4.15221446181404,7.93657422558732,10.3041781320087,6.6033185822269,5.6929061646026,6.70129073034832,5.09270102309341,11.9583465556878,5.47152913524032,4.64689909379138,4.81780121481221,6.68814199953665,8.63968926992301,4.43647637269282,5.00134342861195,11.4040175142747,6.31631819758304,5.30916482455346,7.46028585144645,4.75196130451217,8.27404992965802,11.1845447559333,10.5688112639593,5.21409819449191,5.46559398350044,5.62878042372843,7.42550017018329,8.17684877430396,11.3861780911517,5.63321125168832,8.86484381422957,4.66404113687755,5.57112847708838,7.18340372098625,14.1209728032409,13.2916385145778,9.22450771163728,9.5080952542499
"TCGA-DC-5869",8.74859687647153,7.24407393892225,6.19802273791141,8.98955691492495,9.40843617568513,9.84791287109932,7.82137254936152,4.8352548860146,10.6894718864556,10.4626998579179,7.87938923472357,11.9968734293171,6.68660443269625,6.63730283901304,8.80064878942319,5.76941601337925,6.98772084615809,10.8758608509217,4.68700769912576,12.4083580681281,9.42333603762265,6.55488611710728,7.2093596350902,9.11197462076467,11.690989678256,4.91481867605087,6.09599023336629,5.87564434044777,5.61187537115787,7.35805900806788,11.2772888352403,4.98231875137025,7.76620361053511,6.73511533253388,13.2692984716084,10.4222775726318,8.4473097341147,9.03266177064612,11.6998936024542,11.9705325953567,11.0841077197487,7.77553989602392,7.72911378805592,6.07724439390441,9.37095865488278,8.72695524332067,12.2815835290256,10.6511200329766,9.77808849684869,8.14039192846967
"TCGA-AH-6643",6.95025525975432,4.68260415136827,4.67558079091239,9.16008703116647,6.9082617976212,6.12415214586308,7.56552102002226,8.53442571064466,6.43327973534642,10.6900903779082,10.2918604151608,6.66881887029036,4.34271379512356,4.56400313878677,6.94628381071074,8.7967570931423,4.04351045721852,10.0656850739019,8.06652070314805,8.92504874628024,11.9678437462278,6.69348681313514,4.99138973798489,8.22620582743956,13.0596869049918,6.63292773729458,8.07793363087159,4.467950863862,4.32774508034466,4.71524335003042,10.6335707863783,4.12236799552315,6.52149150241668,10.2257414511144,10.2503641389425,5.2726372689774,4.64738738872805,5.54547953723788,5.91364386246664,7.83516096938685,5.91365722514762,4.91660789814022,8.55369939933981,4.43166557553446,5.48138292696813,5.6404474037594,11.5875972551099,11.4995907535675,8.67295855776356,6.52281913539079
"TCGA-EI-6507",6.61758782788122,4.45765459786895,4.54534444614532,11.5809553914288,8.06536893809641,5.57829105088834,7.75639530102245,10.1682384217407,13.4276807532427,12.3188464164743,13.1017138348469,9.08592832201876,5.44558480319458,7.63875799651791,11.2851740903125,9.83820261841053,3.38560923250651,10.4529894614448,8.03016991430946,7.67947620909071,12.7434792923699,5.26082645442148,6.36014955043838,9.17639797433032,15.8048716535411,8.90772180014384,9.62466900751632,7.12987534841648,5.56386627965176,5.57240690602105,12.417397139519,10.8774410392416,17.568985533964,10.5190499259759,13.8599708552978,9.79397243757804,9.38262186092813,10.0224224791313,9.03913305211519,12.7713416621436,11.2187041653307,8.56995206657204,9.32729351690369,6.23723537388975,9.60510142520822,9.26055450923358,13.4317095378749,11.9333629103458,12.8223235820634,14.1141077687138
"TCGA-AF-6655",11.353949677183,6.4615522314594,8.91994734916257,9.99010165713789,8.3499533796146,10.426566982602,7.62008570989973,7.61766357880342,9.94418955866449,10.2497803423778,10.0501357851145,12.0217746287199,8.75374690876495,8.22993315210141,11.5431292214417,7.80787194667398,6.53013743167877,12.2089184288669,7.00979087297512,16.0197191588804,10.2464147016583,7.12915960584956,8.76431229992937,9.50902802272156,12.1503382496352,6.23534945758657,7.9148145174777,7.93120113735764,10.6289011595636,8.64754377958886,12.7637615997387,7.23658970915664,13.6478172480523,8.42638100384953,14.2326622225837,10.0599543847575,8.59714550118965,9.34534262456628,12.9614809367248,14.1698072443086,10.685155587486,8.50428683776163,9.03407980174939,7.64157502926902,10.9345203173292,9.24477396684956,13.504316295764,12.1600164310792,9.86821377391453,13.0111115644807
"TCGA-AF-A56L",7.69203786835895,8.15709478385763,3.61824438992476,6.83645048811986,11.6910902100858,9.42485992832928,9.26949453856599,6.15266126763961,5.55410233814119,8.75911821242249,6.57768342795181,10.8443872210531,4.3474729892334,5.36906759113194,8.90593379005367,5.95976684780044,6.30108523074456,9.19927065936599,4.92031694161428,6.06906458776025,6.94805100921442,5.64731712465208,4.79657646910382,8.8849724536182,8.57079420960679,4.5060569777876,6.08286883054686,3.9561967821699,5.52945751082773,4.16975559848979,10.581626457116,4.60505153114542,9.40242337580936,10.3887841967654,14.2198444021004,9.79022507071557,8.10447726103641,10.3117922355502,13.3490284188338,12.9865335328215,8.93458920960636,8.80025128185083,9.70481174347258,7.41672990540738,10.1565983100259,9.57428616605627,13.6056704780998,11.9291519954562,8.04491847609978,10.5277490505818
"TCGA-EI-6882",12.6922757158046,14.5546696603074,11.3741032149236,10.3669441231085,6.74510663720296,10.9928122806925,8.23676092443351,7.94372188311575,11.9277343244748,10.9222191463476,11.4049248483423,14.5933725950778,8.97522898087848,10.5314294559697,13.7984723757972,7.61794477393865,6.83146350725282,10.6258021849734,7.4377463664883,18.3662337024629,8.47624360503684,5.18738180258213,7.79253658380051,8.82618460537933,12.4700320131267,7.19406159290744,7.56411628121559,9.98089109981062,12.4344829161112,15.5272317332054,10.8793081209509,12.7370301752009,17.6251178810932,9.75808244064244,15.9377152789012,10.3978085555682,10.8234349077835,9.9572082056927,13.9640807718513,15.7351936491885,16.3020358862546,10.4912463041183,9.42571909427578,9.65506731051596,11.4181158704365,12.6002003024221,12.8999709683648,11.4216951502237,12.7652047780831,17.2216418905519
"TCGA-AH-6644",7.94404013094226,4.95411404960649,5.06152785757632,12.1795775837367,7.5567007336596,7.02792421881853,7.71053452572356,7.58708880983124,4.29180155833061,10.7879954658767,7.98902317843695,9.15493846121008,6.50383480194505,6.03611028896072,8.73448216370072,7.42661393851979,4.71971368399154,11.8223048987107,6.81303332228567,11.5728993216885,8.63450883127626,6.7804907676722,7.1430554226472,8.76902904258897,10.7199980271739,6.12859895320467,7.96079189558126,3.895831527984,6.26396088260094,6.84635428995664,12.2202929280396,4.43562352221183,9.54267505630813,8.34133373109043,11.6076204574933,8.58037936170586,7.49005298759576,7.27202178981695,8.59729059682407,11.6289598969662,9.86804871241345,7.5440188524054,8.5217334698403,5.59601558326902,7.53692593744258,7.28771464658197,13.4698931950285,12.1393219603376,11.2658914974762,10.0351475490189
